/*
 Navicat Premium Data Transfer

 Source Server         : localhost_3306
 Source Server Type    : MySQL
 Source Server Version : 100422
 Source Host           : localhost:3306
 Source Schema         : pro

 Target Server Type    : MySQL
 Target Server Version : 100422
 File Encoding         : 65001

 Date: 16/05/2022 16:58:53
*/

SET NAMES utf8mb4;
SET FOREIGN_KEY_CHECKS = 0;

-- ----------------------------
-- Table structure for exam
-- ----------------------------
DROP TABLE IF EXISTS `exam`;
CREATE TABLE `exam`  (
  `id` int(11) NOT NULL AUTO_INCREMENT,
  `examname` varchar(255) CHARACTER SET utf8mb4 COLLATE utf8mb4_general_ci NULL DEFAULT NULL,
  PRIMARY KEY (`id`) USING BTREE
) ENGINE = InnoDB AUTO_INCREMENT = 26 CHARACTER SET = utf8mb4 COLLATE = utf8mb4_general_ci ROW_FORMAT = Dynamic;

-- ----------------------------
-- Records of exam
-- ----------------------------
INSERT INTO `exam` VALUES (14, '2019年全国硕士研究考试政治真题');
INSERT INTO `exam` VALUES (25, '1234');

-- ----------------------------
-- Table structure for exam_content
-- ----------------------------
DROP TABLE IF EXISTS `exam_content`;
CREATE TABLE `exam_content`  (
  `id` int(11) NOT NULL AUTO_INCREMENT,
  `qtitle` varchar(255) CHARACTER SET utf8mb4 COLLATE utf8mb4_general_ci NULL DEFAULT NULL,
  `aA` varchar(255) CHARACTER SET utf8mb4 COLLATE utf8mb4_general_ci NULL DEFAULT NULL,
  `aB` varchar(255) CHARACTER SET utf8mb4 COLLATE utf8mb4_general_ci NULL DEFAULT NULL,
  `aC` varchar(255) CHARACTER SET utf8mb4 COLLATE utf8mb4_general_ci NULL DEFAULT NULL,
  `aD` varchar(255) CHARACTER SET utf8mb4 COLLATE utf8mb4_general_ci NULL DEFAULT NULL,
  `anwser` varchar(255) CHARACTER SET utf8mb4 COLLATE utf8mb4_general_ci NULL DEFAULT NULL,
  `examid` int(11) NULL DEFAULT NULL,
  `score` int(11) NULL DEFAULT NULL,
  `analysis` varchar(255) CHARACTER SET utf8mb4 COLLATE utf8mb4_general_ci NULL DEFAULT NULL,
  PRIMARY KEY (`id`) USING BTREE,
  INDEX `examid`(`aA`) USING BTREE,
  INDEX `examid1`(`examid`) USING BTREE,
  CONSTRAINT `examid1` FOREIGN KEY (`examid`) REFERENCES `exam` (`id`) ON DELETE CASCADE ON UPDATE RESTRICT
) ENGINE = InnoDB AUTO_INCREMENT = 71 CHARACTER SET = utf8mb4 COLLATE = utf8mb4_general_ci ROW_FORMAT = Dynamic;

-- ----------------------------
-- Records of exam_content
-- ----------------------------
INSERT INTO `exam_content` VALUES (50, '马克思、恩格斯始终站在革命斗争的最 前 沿，他们的一生是为推翻旧世界，建立新世界而不息战斗的一生。马克思恩格斯领导创建的世界上第一个无产阶级政党是( )', 'A.国际工人协会', ' B.正义者联盟', 'C.共产主义者同盟', 'D.社会主义工人国际', 'C', 14, 1, '共产主义者同盟是马克思和恩格斯建立的第一个无产阶级政党，所以本题答案为C');
INSERT INTO `exam_content` VALUES (54, '“橘生淮南则为橘，生为淮北则为枳，叶徒相似，其实味不同。所以然者何?水土异也。”橘逾淮为枳说明了( )', 'A.事物的发展变化以时间地点和条件为转移', 'B.事物的普遍联系是通过中介来实现的', 'C.任何实体事物都是普遍联系之网上的一个网结', 'D.事物的变化和发展是一个过程', 'A', 14, 1, '\"橘逾淮为枳\"说明事物在不同的地方会有不同的变化和体现');
INSERT INTO `exam_content` VALUES (55, '马克思指出,判断一个变革时代不能以该时代的意识为依据,相反,这个意识必须从物质生活的矛盾中去解释。这里的“物质生活的矛盾”从根本上说是( )', 'A.社会生产力和生产关系的现存冲突', 'B经济基础与上层建筑的现存冲突', 'C.人类社会与自然界的现存冲突', ' D.社会存在与社会意识的现存冲突', 'A', 14, 1, 'null');
INSERT INTO `exam_content` VALUES (56, '在以私有制经济为基础的商品经济中,商品生产者的私人劳动生产的产品是否与社会的需求相适应，作为其体劳动的有用性质能否为社会所承认，商品的使用价值和价值之间的矛盾是否能得到解决，决定着商品生产者的命运。以私有制为基础的商品经济的基本矛盾是( )', 'A.使用价值和价值之间的矛盾', 'B.私人劳动和社会劳动之间的矛盾', 'C.具体劳动和抽象劳动的矛盾', 'D.脑力劳动和体力劳动的矛盾', 'B', 14, 1, '');
INSERT INTO `exam_content` VALUES (57, '习近平新时代中国特色社会主义思想是对马克思列宁主义、毛泽东思想、邓小平理论、“三个代表\"重要思想，科学发展观的继承和发展，是马克思主义中国化最 新成果，是党和人民实践经验和集体智慧的结晶，是中国特色社主义理论体系的重要组成部分，是全党全国人民为实现中华民族伟大复兴而面斗的行动指南。这一思想的核心要义是( )', 'A.坚持和发展中国特色社会主义', ' B.实现社会主义现代化', 'C.推进马克思主义中国化时代化大众化', 'D.坚持以经济建设为中心', 'A', 14, 1, 'null');
INSERT INTO `exam_content` VALUES (58, '党的十八大以来，为更好的适应我国国家安全面临的新形势新任务实现国家长治久安，我们党明确提出了总体国家安全观。总体国家安全观的宗旨是( )', 'A.政治安全 ', 'B.经济安全', 'C.人民安全', ' D.军事、文化、社会安全', 'C', 14, 1, 'null');
INSERT INTO `exam_content` VALUES (59, '高度重视和不断加强党的自身建设，是中国共产党从小到大、由弱变强，从挫折中奋起，在战胜困难中不断成熟的一大法宝，也是党领导的伟大事业不断取得胜利的根本保证。中国特色社会主义进入新时代，党的建设的根本方针是( )', 'A.全面加强党的执政本领', 'B.坚持党要管党、全面从严治党', 'C.坚持解放思想、改革创新', 'D.全面推进党的政治建设', 'B', 14, 1, 'null');
INSERT INTO `exam_content` VALUES (60, '党的十九大提出实施乡村振兴战略，是以习近平同志为核心的党中央着眼党和国家事业全局，深刻把握现代化建设规律和城乡关系变化特征，顺应亿万农民对美好生活的向往，对“三农”工作作出的重大决策部署，是新时代做好“三农”工作的总抓手。实施乡村振兴战略的根本目的是( )', 'A.确保国家粮食安全', 'B.建立新型土地承包关系', 'C.转移农村剩余劳动力', ' D.推进农业农村现代化', 'D', 14, 1, 'null');
INSERT INTO `exam_content` VALUES (61, '由于民族危机越来越严重，在维新派的推动和策划下，1898年6月11日，光绪皇帝颁布了“明定国是”谕旨，宣布开始变法，并在此后的103天中，接连发布了一系列推行新政的政令，史称“戊戌变法”，又称“百日维新”。戊戌维新是一场资产阶级性质的改良运动，这是因为变法的政令( )', 'A.触及封建制度根本', 'B.采纳了维新派提出的开国会等政治主张', 'C.一定程度上反映了资产阶级的政治和经济诉求', 'D.带有彻底性和不妥协性', 'C', 14, 1, 'null');
INSERT INTO `exam_content` VALUES (62, '中国共产党成立后，积极发动工农群众开展革命斗争，中国共产党第一次独立领导并取得万全胜利的工人斗争是( )', 'A.安源路矿工人罢工', 'B.香港海员罢工', 'C.京汉铁路工人罢工', ' D.开滦五矿工人罢工', 'A', 14, 1, 'null');
INSERT INTO `exam_content` VALUES (63, '1936年12月12日,张学良、杨虎城发动“兵谏”,扣留了蒋介石。这就是震撼中外的西安事变。事变发生后，中共中央确定了促成事变和平解决的方针，其原因是中国共产党 ( )', 'A.为了团结国民党共同抗日', 'B.不赞成张学良、杨虎城的主张', 'C.工作重心转向城市斗争', 'D.接受了共产国际的指示', 'A', 14, 1, 'null');
INSERT INTO `exam_content` VALUES (64, '1945年8月29日，重庆《大公报》就毛泽东赴重庆谈判发表了《毛泽东先生来了!》的社评，其中写道：“毛泽东先生来了，中国人听了高兴，世界人听了高兴，无疑问的大家都认为这是中国的一件大喜事。”毛泽东赴重庆谈判的目的是( )', 'A.结束国共内战 ', 'B.商讨联合抗日', 'C.寻求外国援助', 'D.争取和平民主', 'D', 14, 1, 'null');
INSERT INTO `exam_content` VALUES (65, '2018年9月10日，全国教育大会在北京召开。习近平在讲话中指出，培养什么人是教育的首要问题，我国是中国共产党领导的社会主义国家，这就决定了我们的教育必须( )', 'A.把推进教育现代化作为根本任务', 'B.把建设教育强国作为根本任务', 'C.把全面深化教育体制改革作为根本任务', 'D.把培养社会主义建设者和接班人作为根本任务', 'D', 14, 1, 'null');
INSERT INTO `exam_content` VALUES (66, '马克思说：“人只有为同时代人的完美、为他们的幸福而工作，自己才能达到完美。如果一个人只为自己劳动，他也许能够成为著 名的学者、伟大的哲人、卓越的诗人，然而他永远不能成为完美的、真正伟大的人物。”这表明( )', 'A.实现自我价值是创造社会价值的原因', 'B.人生价值是自我价值和社会价值的统一', 'C.人生社会价值可以代替自我价值', 'D.个人价值的实现取決于他人的认可', 'B', 14, 1, 'null');
INSERT INTO `exam_content` VALUES (67, '2018年9月，中华人民共和国国务院新闻办公室发布了《关于中美经贸摩擦的事实与中方立场》白皮书。白皮书指出，中美两国经济发展阶段、经济制度不同，存在经贸摩擦是正常的，关键是( )', 'A.如何增进互信、促进合作、管控分歧', 'B.如何增加出口、降低关税、管控分歧', 'C.如何増加进口、消除逆差、管控分歧', 'D.如何加强合作、加征关税、管控分岐', 'A', 14, 1, 'null');
INSERT INTO `exam_content` VALUES (68, '2018年4月27日，朝鲜国务委员会委员长金正恩与韩国总统文在寅在板门店韩方一侧的“和平之家”举行会晤。本次两国首脑会晤最重要的成果是共同签署并发表了( )', 'A.《北南共同宣言》', 'B.《北南关系发展与和平繁荣宣言》', 'C.《(板门店宣言)军事领域履行协议》', 'D.《为促进朝鲜半岛和平、繁荣、统一的板门店宣言》', 'D', 14, 1, 'null');
INSERT INTO `exam_content` VALUES (70, '2018年4月27日，朝鲜国务委员会委员长金正恩与韩国总统文在寅在板门店韩方一侧的“和平之家”举行会晤。本次两国首脑会晤最重要的成果是共同签署并发表了( )', 'A.《北南共同宣言》', 'B.《北南关系发展与和平繁荣宣言》', 'C.《(板门店宣言)军事领域履行协议》', 'D.《为促进朝鲜半岛和平、繁荣、统一的板门店宣言》', 'B', 25, 1, '12341241');

-- ----------------------------
-- Table structure for exam_content_more
-- ----------------------------
DROP TABLE IF EXISTS `exam_content_more`;
CREATE TABLE `exam_content_more`  (
  `id` int(11) NOT NULL AUTO_INCREMENT,
  `qtitle` varchar(255) CHARACTER SET utf8mb4 COLLATE utf8mb4_general_ci NULL DEFAULT NULL,
  `aA` varchar(255) CHARACTER SET utf8mb4 COLLATE utf8mb4_general_ci NULL DEFAULT NULL,
  `aB` varchar(255) CHARACTER SET utf8mb4 COLLATE utf8mb4_general_ci NULL DEFAULT NULL,
  `aC` varchar(255) CHARACTER SET utf8mb4 COLLATE utf8mb4_general_ci NULL DEFAULT NULL,
  `aD` varchar(255) CHARACTER SET utf8mb4 COLLATE utf8mb4_general_ci NULL DEFAULT NULL,
  `anwser` varchar(255) CHARACTER SET utf8mb4 COLLATE utf8mb4_general_ci NULL DEFAULT NULL,
  `examid` int(11) NULL DEFAULT NULL,
  `score` int(11) NULL DEFAULT NULL,
  `analysis` varchar(255) CHARACTER SET utf8mb4 COLLATE utf8mb4_general_ci NULL DEFAULT NULL,
  PRIMARY KEY (`id`) USING BTREE,
  INDEX `examid`(`aA`) USING BTREE,
  INDEX `examid_2`(`examid`) USING BTREE,
  CONSTRAINT `examid2` FOREIGN KEY (`examid`) REFERENCES `exam` (`id`) ON DELETE CASCADE ON UPDATE RESTRICT
) ENGINE = InnoDB AUTO_INCREMENT = 40 CHARACTER SET = utf8mb4 COLLATE = utf8mb4_general_ci ROW_FORMAT = Dynamic;

-- ----------------------------
-- Records of exam_content_more
-- ----------------------------
INSERT INTO `exam_content_more` VALUES (19, '虚拟现实投术是一种运用计算机仿真系统创建多源信思融合的交互式三维动态实景以及动作仿真的技术，可以给使用者提供沉浸性，多感知性，交互性的互动体验，虚拟现实技术所构造的虚拟环境说明( )', 'A.物质世界不再具有客观实在性', 'B.物质世界的存在形式具有多样性', 'C.信息是独立于物质和意识的第三种存在状态', 'D.人们可以通过实践创造出自然界原本不存在的现实状态', 'BD', 14, 2, '(1)sxasjbxajsx\n(2)sxadshalid');
INSERT INTO `exam_content_more` VALUES (20, '基因编辑是应对遗传性疾病的一种潜在治疗办法，但其技术运用极具争议，这不仅是因为基因的变化会传给后代并最终有可能影响整个基因库，而且更重要的是基因编辑会产生长远而深刻的社会影响，可能衍生出一系列棘手的伦理、法律和安全难题，正因如此，许多国家对人类基因编辑技术制定了相应的伦理、法律规范。人类严格控制基因编辑行为的原因在于( )', 'A.人的实践活动要遵循真理尺度与价值尺度的统一', 'B.基因编辑技术可能突破人类的伦理道德底线', 'C.科学技术有时表现为异己的、敌对的力量', 'D.人的实践活动是合规律性与合目的性的统一', 'ABCD', 14, 2, '二二二');
INSERT INTO `exam_content_more` VALUES (21, '资本主义的生产目的是追逐利润最大化。为了获得尽可能多的利润,分布在不同部门(行业)的资本家之间必然展开激烈的竞争,而竞争的结果必将导致利润率的平均化。利润率平均化的过程意味着( )', 'A.某企业工人创造的剩余价值有被其他资本家侵占的可能', 'B.各部门内不同资本家的等量投资所得到的利润大体上均等', 'C.各部门资本家在加强对工人阶级的剥削上有着共同的阶级利益', 'D.不从事直接生产的银行资本家所获得的利润总是低于平均利润', 'AC', 14, 2, '二二热');
INSERT INTO `exam_content_more` VALUES (22, '资本主义必然为社会主义所代替,并不意味着资本主义将在短期内自行消亡。资本主义向社会主义的过渡必然是一个复杂的、长期的历史过程,其原因在于( )', 'A.任何社会形态的存在都有绝对稳定性', 'B.资本主义的发展具有不平衡性', 'C.资本主义社会具有一定的自我调节能力', 'D.当代资本主义的发展还显示出生产关系对生产力容纳的空间', 'BCD', 14, 2, NULL);
INSERT INTO `exam_content_more` VALUES (23, '习近平指出:“当代中国的伟大社会变革,不是简单延续我国历史文化的母版，不是简单套用马克思主义经典作家设想的模板,不是其他国家社会主义实践的再现，不是国外现代化发展的翻版,”这对我们理解科学社会主义一般原则的启示是( )', 'A.科学社会主义绝不是一成不变的教条', 'B.科学社会主义与资本主义生产方式没有必然的联系', 'C.科学社会主义是人类优秀文化传统的历史延续', 'D.科学社会主义在不同的时代具有不同的内容和形式', 'ACD', 14, 2, NULL);
INSERT INTO `exam_content_more` VALUES (24, '中国特色社会主义进入新时代，我国社会主要矛盾已经转化为人民日益增长的美好生活需要和不平衡不充分的发展之间的矛盾。但是，我国社会主要矛盾的变化没有改变我们对我国社会主义所处历史阶段的判断,依据是( )', 'A.我国总体上仍处于不发达阶段', 'B.我国仍然面临极其复杂的国际环境', 'C.我国仍然是世界上最大的发展中国家', 'D.我国社会主要矛盾的变化只是社会主义初级阶段这个历史阶段中的变化', 'ACD', 14, 2, NULL);
INSERT INTO `exam_content_more` VALUES (25, '改革开放40年来,我国民营经济从小到大、从弱到强,不断发展壮大。截至2017年底,我国民营企业数量超过2700万家,个体工商户超过6500万户,注册资本超过165万亿元。概括起来说,民营经济具有“五六七八九”的特征,即贡献了50%以上的税收,60%以上的国内生产总值,70%以上的技术创新成果,80%以上的城镇劳动就业,90%以上的企业数量。我国经济发展能够创造中国奇迹,民营经济功不可没。这表明,民营经济已成为( )', 'A.实现中华民族伟大复兴中国梦的重要力量', 'B.推动社会主义市场经济发展的重要力量', 'C.建设现代化经济体系的重要主体', 'D.控制国民经济命脉的主 导力量', 'ABC', 14, 2, NULL);
INSERT INTO `exam_content_more` VALUES (26, '国家治理体系是在党领导下管理国家的制度体系,是一整套紧密相连、相互协调的国家制度;国家治理能力则是运用国家制度管理社会各方面事务的能力。二者的关系主要表现为( )', 'A.国家治理体系和治理能力是相辅相成的有机整体', 'B.好的国家治理体系可以提高国家治理能力', 'C.提高国家治理能力可以充分发挥国家治理体系的效能', 'D.国家治理体系越完备国家治理能力就一定越强', 'ABC', 14, 2, NULL);
INSERT INTO `exam_content_more` VALUES (27, '全免准确的理解和把握“一国”与“两制”的关系，应在坚持“一国”基础上，实现“两制”之间的和谐相处、相互促进。为此，必须做到( )', 'A.把利用国际有利条件和发挥港澳优势有机结合起来', 'B.把坚持“一国”原则和尊重“两制”差异有机结合起来', 'C.把维护中央权力和保障特别行政区高度自治权有机结合起', 'D.把发挥祖国内地坚强后盾作用和提高港澳自身竞争力有机结合起来', 'BCD', 14, 2, NULL);
INSERT INTO `exam_content_more` VALUES (28, '坚定文化自信，是事关国运兴衰，事关文化安全、事关民族精神独立性的大问题。坚定中国特色社会主义道路自信、理论自信、制度自信，说到底就是要坚定文化自信。讲文化自信，我们有充足的理由和充足底气，因为中国特色社会主义文化( )', 'A.源自于博大精深的中华优秀传统文化', 'B.承继于激昂向上的革命文化', 'C.熔铸于生机勃勃的社会主义先进文化', 'D.植根于中国特色社会主义伟大实践', 'ABCD', 14, 2, NULL);
INSERT INTO `exam_content_more` VALUES (29, '1927年10月,毛泽东率领湘赣边界秋收起义的工农革命军，开始创建以宁冈为中心的井冈山农村革命根据地，走农村包围城市、武装夺取政权的革命新道路。毛泽东确定在井冈山建立根据地，是因为这个地区( )', 'A.有较好的群众基础', 'B.地势险要且易守难攻', 'C.易于部队筹款筹粮', 'D.敌人的统治力量比较薄弱', 'ABCD', 14, 2, NULL);
INSERT INTO `exam_content_more` VALUES (30, '1949年10月1日，首都军民30万人齐集北京天安门广场，欢庆中华人民共和国的诞生。中华人民共和国的成立，标志着( )', 'A.新民主主义革命取得了基本的胜利', 'B.半殖民地半封建社会的结束', 'C.中国共产党的地位发生了根本性的变化', 'D.社会主义基本制度的确立', 'ABC', 14, 2, NULL);
INSERT INTO `exam_content_more` VALUES (31, '我国经济体制的改革首先在农村取得突破性进展。党的十一届三中全会曾指出：“我国农业近二十年来的发展速度不快，它同人民的需要和四个现代化的需要之间存在着极其殴打其的矛盾。”当时我国农业和农村经济发展面临的主要问题有', 'A.农民的温饱问题尚未完全解决', 'B.农村的土地改革尚未完成', 'C.人民公社体制亟待改革', 'D.乡镇企业管理体制亟待改革', 'AC', 14, 2, NULL);
INSERT INTO `exam_content_more` VALUES (32, '2018年4月，十三届全国人民代表大会第一次会议通过《宪法修正案》。把国家倡导的社会主义核心价值观正式写入宪法，进一步凸显了社会主义核心价值观的重大意义。社会主义核心价值观是( )', 'A.坚持和发展中国特色社会主义的价值遵循', 'B.构建人类命运共同的行动指南', 'C.增进社会团结和谐的最大公约数', 'D.提高国家文化软实力的迫切要求', 'ACD', 14, 2, NULL);
INSERT INTO `exam_content_more` VALUES (33, '中国特色社会主义法制道路的一个鲜明特点，就是坚持依法治国和以德治国相结合。法制和德治，是治国理政不可或缺的两种方式。这是因为法制和德治( )', 'A.发挥作用方式东同', 'B.调整范围不同', 'C.所处地位不同', 'D.实现途径不同', 'ABCD', 14, 2, NULL);
INSERT INTO `exam_content_more` VALUES (34, ' 2018年6月22日至23日，中央外事工作会议在北京召开，习近平总书记在会上发表重要讲话，强调要深入分析世界转型过渡期国际形势的演变规律，准确把握历史交汇期，我国外部环境的基本特征，统筹谋划和推进对外工作，其基本要求是( )', 'A.既要把握国际环境总体稳定的大势，又要重视国际安全挑战错综复杂的局面', 'B.既要把握经济全球化持续发展的大势，又要重视世界经济格局深刻演变的动向', 'C.既要把握世界多极化加速推进的大势，又要重视大国关系深入调整的态势', 'D.既要把握各种文明交流互整的大势，又要重视不同思想文化相互激荡的态势', 'ABCD', 14, 2, NULL);
INSERT INTO `exam_content_more` VALUES (35, '2018年是中日和平友好条约缔结40周年，日本首相安倍晋三于10月25日至27日对中国进行正式访问。习近平主席、李克强总理分别与其进行了会晤、会谈。中日双方就改善、发展两国关系及共同关心的国际和地区问题交换了意见，在政治、经济、安全及其他国际问题上达成诸多共识，取得务实成果，这些成果主要有( )', 'A.双方一致确认将恪守中日四个政治文件的各项原则', 'B.签署了中日两国海上搜寻救助合作协定', 'C.签署了中日双边本币互换协议', 'D.双方一致同意将2019年作为“中日青少年交流促进年”', 'ABCD', 14, 2, NULL);
INSERT INTO `exam_content_more` VALUES (39, '虚拟现实投术是一种运用计算机仿真系统创建多源信思融合的交互式三维动态实景以及动作仿真的技术，可以给使用者提供沉浸性，多感知性，交互性的互动体验，虚拟现实技术所构造的虚拟环境说明( )', 'A.物质世界不再具有客观实在性', 'B.物质世界的存在形式具有多样性', 'C.信息是独立于物质和意识的第三种存在状态', 'D.人们可以通过实践创造出自然界原本不存在的现实状态', 'ABC', 25, 2, 'null');

-- ----------------------------
-- Table structure for exam_fill_text
-- ----------------------------
DROP TABLE IF EXISTS `exam_fill_text`;
CREATE TABLE `exam_fill_text`  (
  `Materialid` int(11) NOT NULL AUTO_INCREMENT,
  `examid` int(11) NULL DEFAULT NULL,
  `textcontent` longtext CHARACTER SET utf8mb4 COLLATE utf8mb4_general_ci NULL,
  `fillscore` int(11) NULL DEFAULT NULL,
  `analysis` longtext CHARACTER SET utf8mb4 COLLATE utf8mb4_general_ci NULL,
  `anwser` longtext CHARACTER SET utf8mb4 COLLATE utf8mb4_general_ci NULL,
  PRIMARY KEY (`Materialid`) USING BTREE,
  INDEX `examid3`(`examid`) USING BTREE,
  CONSTRAINT `examid3` FOREIGN KEY (`examid`) REFERENCES `exam` (`id`) ON DELETE CASCADE ON UPDATE RESTRICT
) ENGINE = InnoDB AUTO_INCREMENT = 32 CHARACTER SET = utf8mb4 COLLATE = utf8mb4_general_ci ROW_FORMAT = Dynamic;

-- ----------------------------
-- Records of exam_fill_text
-- ----------------------------
INSERT INTO `exam_fill_text` VALUES (6, 14, '<p>结合材料回答问题：</p><p>材料1</p><p>1978年，中国正徘徊在一个新的十字路口，中国发展的逻辑是什么，中国现代化到底要通过何种方式抵达?自近代以来盘桓在中华民族头上的问题，再次成为时代之问。</p><p>时间定格在这一刻。中国上百台印刷机转动，不同的报头之下，出现了同一个标题;校园的阅报栏前挤满年轻的面孔，无数学子闻风而至，阅读同一篇文章;千百人重新铺展稿纸，千百支笔重新抖落尘埃，准备书写同一个主题;被一种沉重的沉默笼罩的中国大地，随着第一声响动，忽然爆发出轰鸣。</p><p>这是1978年5月，一篇名为《实践是检验真理的唯一标准》的特约评论员文章在《光明日报》一版刊发，掀起了席卷中国的真理标准大讨论，成为那支撬动改革开放的哲学杠杆。</p><p>这场讨论，成为拨乱反正、改革开放的哲学宣言，不但为十一届三中全会的召开凝聚了思想共识，而且确立了中国改革进程的理论原则和思维模式。</p><p>这场讨论，推动了马克思主义中国化的进一步深入，既成为改革开放的前奏，也成为中国特色社会主义的前奏，使中国在道路探索上实现了理论创新与实践检验的良性互动。</p><p>这场讨论，成为中国社会思想现代化的重要一环，解放思想的力量、实事求是的精神，强有力地推动着中国由传统型社会向现代型社会演进，从封闭型社会向开放型社会过渡。</p><p>摘编自《光明日报》 (2018年5月11日)</p><p>材料2</p><p>实践没有止境，理论创新也没有止境。世界每时每刻都在发生变化，中国也每时每刻都在发生变化，我们必须在理论上跟上时代，不断认识规律，不断推进理论创新、实践创新、制度创新、文化创新以及其他各方面创新。</p><p>时代是思想之母，时间是理论之源。只要我们善于聆听时代声音，勇于坚持真理，修正错误，二十一世纪中国的马克思主义一定能够展现出更强大、更有说服力的真理力量!</p><p>摘自 习近平《决胜全面建成小康社会夺取新时代中国特色社会主义伟大胜利——在中国共产党第十九次全国代表大会上的报告》</p><p>(1)如何理解“实践是检验真理的唯一标准”? (5分)</p><p>(2)从实践标准的绝对性与相对性的关系，谈谈你对“实践没有止境，理论创新也没有止境”的认识。(5分)</p>', 10, '(1)实践是检验真理的唯一标准\n(2)真理', '实践是检验真理的唯一标准，这是由真理的本性和实践的特点所决定的。\n真理是人们对客观事物及其发展规律的正确反映，它的本性在于主观和客观相符合。所谓检验真理，\n就是检验人的主观认识同客观实际是否相符合以及符合的程度。这种情况决定了检验标准既不能在纯粹主\n观范围内去寻找，也不能在纯粹客观范围内去解决，而只能是把主观同客观联系起来加以比较、对照，从\n而确定认识是否符合客观实在。实践是主观见之于客观的物质活动，是沟通主观和客观的“桥梁”，它不\n仅具有普遍性的特点和优点，而且具有直接现实性的特点和优点。只有实践才能把主观认识同客观实在联\n系起来加以对照，从而判明主观与客观是否一致，判明认识是否具有真理性。\n所以“实践是检验真理的唯一标准”。\n实践标准的确定性即绝对性，是指实践作为检验真理标准的唯一性、归根到底性、最终性，离开实践，\n再也没有其他公正合理的标准。实践标准的不确定性即相对性，是指实践作为检验真理标准的条件性。一\n方面，任何实践都会受到主客观条件的制约，因而都具有不可能完全证实或驳倒一切认识的局限性。另一\n方面，实践是社会的历史的实践，由于历史条件的种种限制，实践对真理的检验具有相对性、有限性，表\n现为具体的实践往往只是在总体上证实认识与它所反映的客观事物是否相符合，而不可能绝对地、永恒地、\n一劳永逸地予以确证。所以说，实践标准又具有不确定性。\n人类认识世界和改造世界的过程，是一个包含着创新的发展过程。实践创新为理论创新提供不竭的动\n力源泉。理论创新为实践创新提供科学的行动指南。努力实现理论创新与实践创新的良性互动。\n实践没有止境在不断变化，理论创新也会随之变化。实践标准的相对性是指具体实践水平受到历史条\n件的影响，理论创新要随着实践所处的时间、地点、条件的变化而变化，因此实践没有止境理论创新也没\n有止境。');
INSERT INTO `exam_fill_text` VALUES (7, 14, '<p>结合材料回答问题：</p><p>材料1</p><p>深圳故事始于改革开放之初。当时，以时任广东省委第一书记习仲勋同志为代表的改革先行者向中央提出创办对外加工贸易区的设想建议，邓小平同志审时度势，创造性地提出“可以划出一块地方，就叫做特区”。1980年，深圳蛇口工业区一声炮响，拉开了经济特区建设大幕。 特区建立前，深圳还只是一个仅有两条小巷和一条200米长小街的小渔村;今天的深圳，已是一座充满魅力、动力、活力和创新力的现代化国际化大都市，创造了工业化、城市化、现代化发展的奇迹，被誉为中国改革开放的“样板间”。如果把视线聚焦到党的十八大以来这五年多，深圳故事更是精彩纷呈。五年来，深圳扎实践行习近平新时代中国特色社会主义思想，不断在高质量发展中发力，发展动力持续增强，百姓福祉稳步改善，城市文明进一步提升，绿色发展特质更加凸显。在中国特色社会主义新时代，深圳依然是改革开放的排头兵。</p><p>作为我国改革开放的重要起源地和中国特色社会主义的忠实践行地，深圳故事连着中国故事，深圳的成就是中华民族实现从站起来到富起来、并迎来从富起来到强起来伟大飞跃的生动缩影。改革开放40年来，接可比价格计算，我国国内生产总值年均增长约9.5%，7亿多人成功脱贫;中国成为世界第二大经济体，连绩多年对世界经济增长贡献率超过30%，特别是党的十八大以来，以习近平同志为核心的党中央以前所未有的决心和力度，把改革开放提升到新的战略高度，推动党和国家事业取得历史性成就、发生历史性变革。40年的辉煌成就充分证明，改革开放是决定当代中国命运的关键抉择，是当代中国发展进步的活力之源。</p><p>摘编自《人民日报》 (2018年4月10日、5月21日)</p><p>材料2</p><p>2012年12月，习近平总书记在党的十八大后首次离京考察，首站即到改革开放中得风气之先的深圳，现场回顾中国改革开放的历史进程，宣示继续推进改革开放的坚定信念，他指出，改革开放是我们党的历史上一次伟大觉醒，正是这个伟大觉醒孕育了新时期从理论到实践的伟大创造，现在我国改革开放已进入攻坚期和深水区，我们必须以更大的政治勇气和智慧，不失时机深化重要领域改革。</p><p>时隔近6年，习近平总书记予2018年10月再次南下广东，他考察调研时指出，党的十八大后我考察调研的第一站就是深圳，改革开放40周年之际再来这里，就是要向全世界宣示中国改革不停顿，开放不止步，我们要不忘改革开放初心，认真总结改革开放40年成功经验，提升改革开放质量和水平，他反复强调，进入新时代，国际国内形势发生广泛而深刻变化，改革发展面临着新形势任务新挑战，必须以改革开放的眼光看待改革开放，抓住机遇、迎接挑战，高举新时代改革开放旗帜，继续全面深化改革，全面扩大开放。</p><p>摘编自《人民日报》(2018年10月26日)，人民网(2018年10月26日)</p><p>(1)为什么说“改革开放是决定当代中国命运的关键抉择”?(5分)</p><p>(2)如何理解进入新时代必须“以改革开放的眼光看待改革开放”?(5分)</p>', 10, '(1)改革开放', '（1）改革开放是顺应当今世界发展大势的必然选择，是解决中国现实问题的根本途径，改革开放事关\n党和人民事业前途命运，关系党的执政基础和执政地位。\n改革开放是正确之路、强国之路、富民之路。改革开放是决定当代中国命运的关键抉择，也是决定实\n现“两个一百年”奋斗目标、实现中华民族伟大复兴的关键一招，是当代中国发展进步的活力之源，是党\n和人民事业大踏步赶上时代的重要法宝，是坚持和发展中国特色社会主义、实现中华民族伟大复兴的必由\n之路。\n（2）当前，改革进入攻坚期、深水区，最重要的是迎难而上、攻坚克难。只有以改革开放的眼光看待\n改革开放，才能适应把握引领新常态，推动经济高质量发展。必须勇于变革、勇于创新，才能应对世界大\n发展大变革带来的新挑战新问题；才能以新作为才能以新作为开创新局面，让改革开放成为推动中国发展\n进步、为人类作出新贡献的动力源泉。要掌握辩证唯物主义和历史唯物主义的方法论，以改革开放的眼光\n看待改革开放，充分认识新形势下改革开放的时代性、体系性、全局性问题，在更高起点、更高层次、更\n高目标上推进改革开放。');
INSERT INTO `exam_fill_text` VALUES (8, 14, '<p>结合材料回答问题：</p><p>材料1.</p><p>马克思主义不仅深刻改变了世界，也深刻改变了中国，中华民族在几千年的历史进程中创造了灿烂的中华文明，为人类文明进步作出了重大贡献。1840年鸦片战争以后，西方列强凭着坚船利炮野蛮轰开了中国的大门，中华民族陷入内忧外患的悲惨境地.</p><p>近代以后，争取名族独立、人民解放和实验国家富强，人民幸福就成为中国人民的历史任务。在旧式的农民战争走到尽头，不触动封建根本的自强运动和改良主义屡屡碰壁，资产阶级革命派领导的革命和西方资本主义的其它种种方案纷纷破产的情况下，十月革命一声炮响，为中国送来了马克思列宁主义，给苦苦探寻救亡图存出路的中国人民指明了前进方向，提供了全新选择。</p><p>中国共产党诞生后，中国共产党人把马克思列宁主义基本原理同中国革命和建设具体实际结合起来，团结带领人民经过长期奋斗，完成新民主主义革命和社会主义革命，建立起中华人民共和国和社会主义基本制度，进行了社会主义的艰辛探索，实现了中华民族从东亚病夫到站起来的伟大飞跃。</p><p>改革开放以来，中国共产党人把马克思列宁主义基本原理同中国改革开放的具体实际结合起来，团结带领人民进行建设中国特色社会主义新的伟大实践，使中国大踏步赶上了时代，实现了中华民族从站起来到富起来的伟大飞跃。</p><p>材料2.</p><p>经过长期努力，中国特色社会主义进入了新时代，这是我国发展新的历史方位。</p><p>中国特色社会主义进入新时代，意味着近代以来久经磨难的中华民族迎来了从站起来、富起来到强起来的伟大飞跃，迎来了实现中华民族伟大复兴的光明前景，意味着科学社会主义在二十一世纪的中国焕发出强大生机活力，在世界上高高举起了中国特色社会主义伟大旗帜，意味着中国特色社会主义道路、理论、制度、文化不断发展，拓展了发展中国家走向现代化的途径，给世界上那些希望加快发展又希望保持自身独立性的国家和民族提供了全新选择，为解决人类问题贡献了中国智慧和中国方案。</p><p>摘自 习近平《决胜全面建成小康社会度夺取新时代中国特色社会主义伟大胜利——在中国共产党第十九次全国代表大会上的报告》</p><p>(1)如何理解马克思列宁主义给中国人民“指明了前进方向，提供了全新选择”?(5分)</p><p>(2)中华民族实现了从东亚病夫到站起来，从站起来到富起来的伟大飞跃，并迎来了从富起来到强起来的伟大飞跃说明了什么?</p>', 10, '(1)鸦片战争', '（1）答：自 1840 年鸦片战争起，列强用坚船利炮打开了中国国门，中国逐步沦为半殖民地半封建社\n会。无论是农民阶级发起的太平天国运动还是地主阶级自救的洋务运动，无论是民族资产阶级改良派领导\n的戊戌变法还是资产阶级革命派发动的辛亥革命，都没有改变中国半殖民地半封建的社会性质，领导中国\n人民完成民族独立、人民解放的历史任务。各个阶级的探索证明不具有先进性的阶级领导的各种救国方案\n都行不通。1917 年俄国十月革命的爆发，推动中国先进知识分子把目光从西方转向东方，从资产阶级民主\n主义转向社会主义。昭示着人们，资本主义制度不是永恒的。无产阶级和其他劳动群众一旦觉醒、组织起\n来，完全可以依靠自身的力量创造出维护绝大多数人利益的崭新社会制度。十月革命启示中国人民：经济\n文化落后的国家也可以用社会主义思想指引自己走向解放之路。革命中广泛发动工人、农民和士兵群众赢\n得胜利的故事，给予中国的先进分子以新的革命方法的启示，推动他们去研究这个革命所遵循的主义，开\n始用无产阶级的世界观作为观察国家命运的工具，重新考虑自己的问题，选择了马克思主义的科学社会主\n义。\n(2)答：1840 年英国发动了鸦片战争，1842 年签订了中国近代史上第一个不平等条约《南京条约》，\n中国逐步沦为半殖民地半封建社会，打破了天朝上国的美梦，开始沦为东亚病夫。各个阶级的探索均已失\n败告终，1917 年十月革命一声炮响给中国送来了马克思主义，正是在这个主义的带领下，1921 年中国共\n产党成立，这个伟大的党带领人民完成了民主主义革命的任务实现了民族独立、人民解放的历史任务，1949\n年新中国成立，东亚病夫从此站了起来。但刚刚建国时，中国共产人发现：万里长征只是走完了第一步，\n以后的任务更加艰巨，就是实现国家富强、人民富裕。1978 年，邓小平召开了十一届三中全会，开启了改\n革开放新的历史时期，领导中华民族找到了从站起来到富起来的正确道路。党的十八大以来，习近平总书\n记接下富起来任务的这一棒，经过 6 年的艰苦奋斗，以习近平新时代中国特色社会主义思想为引领，全面\n贯彻“五位一体”总体布局和“四个全面”战略布局，以实现两个一百年奋斗目标为统领。十九大的胜利\n召开，中国特色社会主义进入了新时代，中华民族实现了从富起来到强起来的伟大飞跃。三次飞跃说明了\n必须坚持中国共产党的领导，必须走中国特色社会主义道路，必须坚持以人民为中心，必须坚持中国特色\n社会主义道路自信、制度自信、理论自信，不断实现马克思主义中国化。');
INSERT INTO `exam_fill_text` VALUES (9, 14, '<p>结合材料回答问题：</p><p>2018年9月30日，在我国第五个烈士纪念日到来之时，党和国家领导人同各界代表向天安门广场人民英雄纪念碑敬献花篮，表达着13亿多人民对英烈的深切缅怀和崇高敬意。</p><p>人民英雄纪念碑基座上镶嵌的8幅革命历史浮雕，镌刻了从虎门销烟到解放战争时期为争取民族独立和人民幸福而牺牲的人民英雄。这一纪念中国革命胜利的全景图，凝聚了无数先烈的铁骨精魂，更象征着中国人民不忘历史、砥砺奋进的民族精神。</p><p>欲知大道，必先为史。习近平总书记指出:“历史是一面镜子。 以史为鉴，才能避免重蹈覆辙。对历史，我们要心怀敬畏、心怀良知。历史无法改变，但未来可以塑造。”</p><p>“天地英雄气，千秋尚凛然。”一个有希望的民族不能没有英雄，一个有前途的国家不能没有先锋。英雄烈士的事迹和精神是中华民族共同的历史记忆和宝贵的精神财富。</p><p>一段时间以来，历史虚无主义思潮沉渣泛起。社会上质疑英雄烈士、歪曲历史的现象和行为不时出现，造成了极其恶劣的社会影响，引起了社会舆论的高度关注。</p><p>在社会各界不断的呼声中，2018年4月27日，十三届全国人大常委会第二次会议全票表决通过了《中华人民共和国英雄烈士保护法》，英雄烈士的姓名、肖像、名誉、荣誉受法律保护，禁止歪曲、丑化、亵渎、否定英雄烈士的事迹和精神，宣扬、美化侵略战争和侵略行为将被依法惩处直至追究刑责。</p><p>英雄烈士保护法生效一个月后，最高人民法院、最高人民检察院相继下发通知要求依法惩处侵害英雄烈士权益、形象等违法行为;文化和旅游部部署县查处抹黑英雄烈士等英雄烈士等违法违规经营行为;各主要互联网文化单位纷纷采取措施清理违规信息、视频和账号;多地检察机关针对侵害英雄烈士名誉等问题依法启动诉讼程序。</p><p>“昨天你用生命捍卫我我们，今天我们用法律保护你。”网友真挚的话语道出了人们对英雄烈士的敬意和爱戴。</p><p>从设立烈士纪念日“立大德于社会”，到缅怀英雄烈士仪式“扬大义于国家”，再到制定英雄烈士保护法“布大信于天下”，一系列致敬英烈、崇尚英雄的国家行动，筑起了民族复兴征程的闪亮灯塔。</p><p>摘编自(光明日报》 (2018 年4月6日)，《人民日报》(2018年6月13日、10月1日等)</p><p>(1)如何理解“英雄烈士的事迹和精神是中华民族共同的记忆和宝贵的精神财富”?(5分)</p><p>(2)从法律社会作用的角度，分析为什么要用法律的名义保护英雄烈士?(5分)</p>', 10, '', '（1）近年来社会上个别人身着二战时期日本军服拍照并通过网络传播，宣扬、美化侵略战争，损害国\n家尊严、伤害民族感情，造成恶劣社会影响，需要明确相关法律责任，予以严厉打击。英雄烈士的事迹和\n精神体现了英雄烈士的事迹和精神是以爱国主义为核心的民族精神的真实写照，是中国精神的重要内容。\n英雄烈士的事迹和精神是维护祖国统一和民族团结的纽带，是实现中华民族伟大复兴的动力，是实现人生\n价值的力量源泉，是中华民族共同的历史记忆和宝贵的精神财富。\n英雄烈士从事革命活动的目的就是要为革命利益而奋斗，在个人利益与革命利益发生矛盾时，要“以\n革命利益为第一生命，以个人利益服从革命利益”。正如邓小平所说：“为了国家和集体的利益，为了人\n民大众的利益，一切有革命觉悟的先进分子必要时都应当牺牲自己的利益。”始终把革命利益放在首位，\n极大地激发了革命者为集体而献身的斗志，使革命队伍形成了前所未有的向心力和凝聚力，也使革命事业\n不断蓬勃向前发展。中国革命道德在要求一切革命者和先进分子自觉地以个人利益服从革命利益的同时，\n也要求革命的集体和领导始终不渝地从各个方面照顾每个革命成员的个人利益，关心他们的事业成就和个\n人的全面发展。\n中国革命道德内容丰富、历久弥新。红船精神、井冈山精神、苏区精神、长征精神、延安精神、西柏\n坡精神等红色精神中蕴含的革命道德，都是中国共产党领导全体人民实现民族独立、人民解放的精神支撑\n和思想武器，对于我们走好新时代的长征路，实现中华民族伟大复兴仍然具有极其重要的现实意义。第一，\n有利于加强和巩固社会主义和共产主义的理想信念。第二，有利于培育和践行社会主义核心价值观。第三，\n有利于引导人们树立正确的道德观。第四，有利于培育良好的社会道德风尚。\n（2）我国社会主义法律是中国特色社会主义建设的重要保障。法的社会作用是从法在社会生活中要实\n现的目的角度来认识的。我国法律的社会作用体现了社会主义的本质要求，经济发展、政治清明、文化昌\n盛、社会公正、生态良好，都离不开社会主义法律的引领、规范和保障。\n《中华人民共和国英雄烈士保护法》是为加强对英雄烈士的保护，维护社会公共利益，传承和弘扬英\n雄烈士精神、爱国主义精神，培育和践行社会主义核心价值观，激发实现中华民族伟大复兴中国梦的强大\n精神力量。');
INSERT INTO `exam_fill_text` VALUES (11, 14, '<p>结合材料回答问题：</p><p>2018年，中国相继举办了四大主场外交活动:博鳌亚洲论坛年会、上海合作组织峰会、中非合作论坛峰会、中国国际进口博览会。习近平悉数出席并作重要主旨演讲，深入阐述了构建人类命运共同体重要思想，为世界发展提供了中国智慧、中国方案，产生了日益广泛而深远的国际影响。主场外交是党的十八大以来中国外交一大亮点，已成为全新的“中国名片”。</p><p>坚持开放共赢 共创美好未来</p><p>2018年4月10日，习近平在博鳌亚洲论坛年会开幕式上发表题为《开放共创繁荣创新引领未来》的主旨演讲，强调“中国开放的大门不会关闭，只会越开越大!”“让我们坚持开放共赢，勇于变革创新，向着构建人类命运共同体的目标不断迈进，共创亚洲和世界的美好未来!”</p><p>面向未来，习近平为各国携手构建新型国际关系、构建人类命运共同体进一步明确了路径:相互尊重、平等相待;对话协商、共担责任;同舟共济、合作共赢;兼容并蓄、和而不同;敬畏自然、珍爱地球。</p><p>弘扬“上海精神” 增添时代内涵</p><p>2018年6月10日，上海合作组织扩员后的首次峰会在青鸟举行，习近平在题为《弘扬“上海精神”构建命运共同体》的重要讲话中强调，“上海精神”是上合组织的灵魂和共同财富，必须加以坚持和弘扬，习近平提出的发展观、安全观、合作观、文明观和全球治理观，为“上海精神”增添了新的时代内涵，赋予上合组织新的历史使命。</p><p>习近平呼吁各方齐心协力构建命运共同体，经各方协商一致，“确定人类命运共同体的共同理念”被写入青岛宣言，成为上合组织8国最重要的政治共识和努力目标。</p><p>中非携手同心 共同促进发展</p><p>2018年9月3日，习近平在中非合作论坛北京峰会发表题为《携手共命运 同心促发展》的主旨讲话，对中非特色鲜明的合作共赢之路，做出清晰概括：真诚友好、平等相待，义利相兼，以义为先;发展为民，务实高效，开放包容、兼收并蓄。习近平提出要携手打造责任共担，合作共赢、幸福共享、文化共兴，安全共筑、和谐共生的中非命运共同体;在中非合作计划全面落实的基础上，未来三年和今后一段时间重点实施“人大行动”为构建更加紧密的中非命运共同体指明了行动路径，为推动构建人类命运共同体树立了典范。</p><p>扩大对外开放 机遇世界共享</p><p>2018年11月5日，首届中国国际进口博览会在上海隆重举行。习近平《共建创新包容的开放型世界经济》的主旨演讲中强调更高水平的脚步不会停滞!中国推动建设开放型世界经济的脚步不能停滞!中国推动构建人类命运共同体的脚步不会停滞!习近平同时强调，中国国际进口博览会不是中国的独唱，而是各国合唱，中国将在激发进口潜力，持续放宽市场准入，营造国际一流营商环境，打造对外开放新高地，推动多边和双边合作深入发展等方面加大进一步开放的力度。与世界各国向着构建人类命运共同体目标不懈奋进，开创人类更加美好的未来。</p><p>摘编自《人民日报》</p><p>(1)为什么说主场外交已成为全新的 “中国名片”?(4分)</p><p>(2)中国主场外交贯穿着怎么样的外交关系理念?中国为世界发展提供了哪些智慧和方案?(6分)</p>', 10, '', '（1）\n十八大以来，以习近平同志同志为核心的党中央站在新的历史起点上，准确把握国内国际两个大局的\n新特点、新变化，审时度势，对我国对外工作提出了一系列新思想、新论断，向世界宣示了中国外交的新\n主张，走出了一条具有中国特色、中国气派、中国风格的大国外交之路。\n2018 年中国举办了的四大主场外交活动。向世界张开双臂，展现市场潜力，欢迎各国参与和分享中国\n发展的新机遇。这四大主场外交是中国着眼于推动新一轮高水平对外开放作出的重大决策，是中国主动向\n世界开放市场的重大举措。这体现了中国支持多边贸易体制、推动发展自由贸易的一贯立场，是中国推动\n建设开放型世界经济、支持经济全球化的实际行动。\n总书记在中共十九大报告中强调，中国要同各国一道，共同建设新型国际关系、共同构建人类命运共\n同体，这就是新时代中国特色大国外交的目标。而新时代的中国外交将为中国自身发展营造更好外部环境，\n为人类进步事业提供更多正能量。开放已经成为当代中国的鲜明标志，四大主场外交体现了中国作为全球\n第二大经济体、全球最大发展中国家的自信。所以中国新一轮外交活动也表明主场外交成为中国的新名片。\n（2）\n当今世界，各国利益深度融合，与此同时，人类又面临着和平、发展、环境污染、恐怖主义等问题，\n面临着和平、发展和治理赤字。中国以负责任的大国态度，积极倡导以和平发展道路实现“中国梦”和“世\n界梦”，提出“一带一路”建设，“一带一路”建设连接了世界各国和各种不同的文明，顺应时代潮流，\n符合各国人民利益，是各国共同打造的公共产品。中国倡导构建以合作共赢为核心的新型国际关系的合作\n观。呼吁各国共同走出一条公平、开放、全面、创新的发展之路。倡导共同、综合、合作、可持续的安全\n观。践行义利相兼、以义为先的“正确义利观”。维护当代国际秩序的基本稳定，并积极参与国际体系的\n变革和完善。\n在外交活动中秉承和平合作、开放包容、互学互鉴、互利共赢的精神推进与各国的合作。倡导全球各\n国共商、共建、共享，优势互补、互利共赢，让各国人民更好共享发展成果，不断朝着人类命运共同体方\n向迈进。\n中国的外交理念是一种共赢双赢的理念，给世界上那些既希望保持自身独立又希望加快发展的民族和\n国家提供了全新的选择，故而在中国发展的同时，也为世界贡献了中国智慧和中国方案。');
INSERT INTO `exam_fill_text` VALUES (31, 25, '<p>结合材料回答问题：</p><p>材料1</p><p>1978年，中国正徘徊在一个新的十字路口，中国发展的逻辑是什么，中国现代化到底要通过何种方式抵达?自近代以来盘桓在中华民族头上的问题，再次成为时代之问。</p><p>时间定格在这一刻。中国上百台印刷机转动，不同的报头之下，出现了同一个标题;校园的阅报栏前挤满年轻的面孔，无数学子闻风而至，阅读同一篇文章;千百人重新铺展稿纸，千百支笔重新抖落尘埃，准备书写同一个主题;被一种沉重的沉默笼罩的中国大地，随着第一声响动，忽然爆发出轰鸣。</p><p>这是1978年5月，一篇名为《实践是检验真理的唯一标准》的特约评论员文章在《光明日报》一版刊发，掀起了席卷中国的真理标准大讨论，成为那支撬动改革开放的哲学杠杆。</p><p>这场讨论，成为拨乱反正、改革开放的哲学宣言，不但为十一届三中全会的召开凝聚了思想共识，而且确立了中国改革进程的理论原则和思维模式。</p><p>这场讨论，推动了马克思主义中国化的进一步深入，既成为改革开放的前奏，也成为中国特色社会主义的前奏，使中国在道路探索上实现了理论创新与实践检验的良性互动。</p><p>这场讨论，成为中国社会思想现代化的重要一环，解放思想的力量、实事求是的精神，强有力地推动着中国由传统型社会向现代型社会演进，从封闭型社会向开放型社会过渡。</p><p>摘编自《光明日报》 (2018年5月11日)</p><p>材料2</p><p>实践没有止境，理论创新也没有止境。世界每时每刻都在发生变化，中国也每时每刻都在发生变化，我们必须在理论上跟上时代，不断认识规律，不断推进理论创新、实践创新、制度创新、文化创新以及其他各方面创新。</p><p>时代是思想之母，时间是理论之源。只要我们善于聆听时代声音，勇于坚持真理，修正错误，二十一世纪中国的马克思主义一定能够展现出更强大、更有说服力的真理力量!</p><p>摘自 习近平《决胜全面建成小康社会夺取新时代中国特色社会主义伟大胜利——在中国共产党第十九次全国代表大会上的报告》</p><p>(1)如何理解“实践是检验真理的唯一标准”? (5分)</p><p>(2)从实践标准的绝对性与相对性的关系，谈谈你对“实践没有止境，理论创新也没有止境”的认识。(5分)</p>', 10, NULL, '1231231');

-- ----------------------------
-- Table structure for lanmu
-- ----------------------------
DROP TABLE IF EXISTS `lanmu`;
CREATE TABLE `lanmu`  (
  `LanMuid` int(11) NOT NULL AUTO_INCREMENT,
  `lanmuName` varchar(255) CHARACTER SET utf8mb4 COLLATE utf8mb4_general_ci NULL DEFAULT NULL,
  PRIMARY KEY (`LanMuid`) USING BTREE
) ENGINE = InnoDB AUTO_INCREMENT = 11 CHARACTER SET = utf8mb4 COLLATE = utf8mb4_general_ci ROW_FORMAT = Dynamic;

-- ----------------------------
-- Records of lanmu
-- ----------------------------
INSERT INTO `lanmu` VALUES (1, '新闻');
INSERT INTO `lanmu` VALUES (2, '时政');
INSERT INTO `lanmu` VALUES (3, '军事');
INSERT INTO `lanmu` VALUES (4, '体育');
INSERT INTO `lanmu` VALUES (5, '国际新闻');

-- ----------------------------
-- Table structure for management_taskes
-- ----------------------------
DROP TABLE IF EXISTS `management_taskes`;
CREATE TABLE `management_taskes`  (
  `id` int(11) NOT NULL AUTO_INCREMENT,
  `name` varchar(255) CHARACTER SET utf8mb4 COLLATE utf8mb4_general_ci NULL DEFAULT NULL,
  `super` varchar(255) CHARACTER SET utf8mb4 COLLATE utf8mb4_general_ci NULL DEFAULT NULL,
  `path` varchar(255) CHARACTER SET utf8mb4 COLLATE utf8mb4_general_ci NULL DEFAULT NULL,
  PRIMARY KEY (`id`) USING BTREE
) ENGINE = InnoDB AUTO_INCREMENT = 13 CHARACTER SET = utf8mb4 COLLATE = utf8mb4_general_ci ROW_FORMAT = Dynamic;

-- ----------------------------
-- Records of management_taskes
-- ----------------------------
INSERT INTO `management_taskes` VALUES (1, '用户管理', '0', NULL);
INSERT INTO `management_taskes` VALUES (2, '栏目管理', '0', NULL);
INSERT INTO `management_taskes` VALUES (3, '成绩管理', '0', NULL);
INSERT INTO `management_taskes` VALUES (4, '用户列表', '1', 'users');
INSERT INTO `management_taskes` VALUES (5, '栏目列表', '2', 'lanmu');
INSERT INTO `management_taskes` VALUES (9, '个人成绩列表', '3', 'manage_exam');

-- ----------------------------
-- Table structure for management_taskes1
-- ----------------------------
DROP TABLE IF EXISTS `management_taskes1`;
CREATE TABLE `management_taskes1`  (
  `id` int(11) NOT NULL AUTO_INCREMENT,
  `name` varchar(255) CHARACTER SET utf8mb4 COLLATE utf8mb4_general_ci NULL DEFAULT NULL,
  `super` varchar(255) CHARACTER SET utf8mb4 COLLATE utf8mb4_general_ci NULL DEFAULT NULL,
  `path` varchar(255) CHARACTER SET utf8mb4 COLLATE utf8mb4_general_ci NULL DEFAULT NULL,
  PRIMARY KEY (`id`) USING BTREE
) ENGINE = InnoDB AUTO_INCREMENT = 17 CHARACTER SET = utf8mb4 COLLATE = utf8mb4_general_ci ROW_FORMAT = Dynamic;

-- ----------------------------
-- Records of management_taskes1
-- ----------------------------
INSERT INTO `management_taskes1` VALUES (1, '新闻管理', '0', NULL);
INSERT INTO `management_taskes1` VALUES (2, '成绩管理', '0', NULL);
INSERT INTO `management_taskes1` VALUES (3, '考试管理', '0', NULL);
INSERT INTO `management_taskes1` VALUES (4, '添加新闻', '1', 'addnews');
INSERT INTO `management_taskes1` VALUES (5, '个人成绩列表', '2', 'author_exam');
INSERT INTO `management_taskes1` VALUES (6, '批改试卷', '3', 'author_check');
INSERT INTO `management_taskes1` VALUES (7, '添加试卷', '3', 'author_addexam');
INSERT INTO `management_taskes1` VALUES (8, '新闻列表', '1', 'authornewslist');
INSERT INTO `management_taskes1` VALUES (10, '编辑试卷', '3', 'author_changeexam');
INSERT INTO `management_taskes1` VALUES (11, '资料管理', '0', NULL);
INSERT INTO `management_taskes1` VALUES (12, '添加资料', '11', 'author_addresource');
INSERT INTO `management_taskes1` VALUES (13, '修改资料信息', '11', 'author_changeresource');
INSERT INTO `management_taskes1` VALUES (14, '名师推荐', '0', NULL);
INSERT INTO `management_taskes1` VALUES (15, '推荐管理', '14', 'manage_introduce');
INSERT INTO `management_taskes1` VALUES (16, '修改推荐', '14', 'manage_changeintroduce');

-- ----------------------------
-- Table structure for management_taskes2
-- ----------------------------
DROP TABLE IF EXISTS `management_taskes2`;
CREATE TABLE `management_taskes2`  (
  `id` int(11) NOT NULL AUTO_INCREMENT,
  `name` varchar(255) CHARACTER SET utf8mb4 COLLATE utf8mb4_general_ci NULL DEFAULT NULL,
  `super` varchar(255) CHARACTER SET utf8mb4 COLLATE utf8mb4_general_ci NULL DEFAULT NULL,
  `path` varchar(255) CHARACTER SET utf8mb4 COLLATE utf8mb4_general_ci NULL DEFAULT NULL,
  PRIMARY KEY (`id`) USING BTREE
) ENGINE = InnoDB AUTO_INCREMENT = 9 CHARACTER SET = utf8mb4 COLLATE = utf8mb4_general_ci ROW_FORMAT = Dynamic;

-- ----------------------------
-- Records of management_taskes2
-- ----------------------------
INSERT INTO `management_taskes2` VALUES (1, '真题成绩管理', '0', NULL);
INSERT INTO `management_taskes2` VALUES (4, '成绩列表', '1', 'user_exam');

-- ----------------------------
-- Table structure for news
-- ----------------------------
DROP TABLE IF EXISTS `news`;
CREATE TABLE `news`  (
  `id` int(11) NOT NULL AUTO_INCREMENT,
  `title` varchar(255) CHARACTER SET utf8mb4 COLLATE utf8mb4_general_ci NULL DEFAULT NULL,
  `newspicture` varchar(255) CHARACTER SET utf8mb4 COLLATE utf8mb4_general_ci NULL DEFAULT NULL,
  `content` longtext CHARACTER SET utf8mb4 COLLATE utf8mb4_general_ci NULL,
  `LanMuid` int(11) NULL DEFAULT NULL,
  `uid` int(11) NULL DEFAULT NULL,
  `author` varchar(255) CHARACTER SET utf8mb4 COLLATE utf8mb4_general_ci NULL DEFAULT NULL,
  `newssubmittime` varchar(255) CHARACTER SET utf8mb4 COLLATE utf8mb4_general_ci NULL DEFAULT NULL,
  PRIMARY KEY (`id`) USING BTREE,
  INDEX `LanMuid`(`LanMuid`) USING BTREE,
  CONSTRAINT `LanMuid` FOREIGN KEY (`LanMuid`) REFERENCES `lanmu` (`LanMuid`) ON DELETE CASCADE ON UPDATE RESTRICT,
  CONSTRAINT `news_ibfk_1` FOREIGN KEY (`LanMuid`) REFERENCES `lanmu` (`LanMuid`) ON DELETE RESTRICT ON UPDATE RESTRICT
) ENGINE = InnoDB AUTO_INCREMENT = 122 CHARACTER SET = utf8mb4 COLLATE = utf8mb4_general_ci ROW_FORMAT = Dynamic;

-- ----------------------------
-- Records of news
-- ----------------------------
INSERT INTO `news` VALUES (77, '这三位国家杰青，分别履新国内三所高校领导', '', '<p>三位国家杰出青年科学基金获得者（国家杰青）近日履新高校领导。</p><p>3月29日，四川省人民政府网站发布人事任免信息，其中包括：任命张烈辉为西南石油大学校长（试用期一年），免去赵金洲的西南石油大学校长职务。</p><p>根据西南石油大学官网介绍，张烈辉出生于1967年5月，1992年4月起在西南石油学院从事教学和科研工作，1998年10月晋升副教授，2000年11月晋升教授。张烈辉于2002年6月起任西南石油学院石油工程学院副院长，2006年6月起任西南石油大学石油工程学院党总支书记兼任国家重点实验室副主任，2010年7月起任西南石油大学科研处处长。2014年6月起任西南石油大学党委常委、副校长。</p><p>张烈辉长期从事复杂油气藏渗流、试井及数值模拟等方面的教学和科研工作，先后承担国家杰出青年基金、国家“973计划”、国家油气科技重大专项、教育部人才支持计划课题等省部级以上项目30余项，已获国家科技进步二等奖2项。</p><p>张烈辉是国家杰出青年基金获得者，教育部长江学者特聘教授，教育部“长江学者和创新团队”创新团队负责人，新世纪首批百千万人才工程国家级人选。</p><p>此前担任河南师范大学党委副书记、校长的常俊标已任郑州大学党委副书记、副校长。</p><p>据郑州大学官网消息，3月30日下午，第6次全省教育系统疫情防控工作视频调度会召开。郑州大学设置分会场，省政协副主席、校党委书记、校长刘炯天，校党委副书记、副校长常俊标出席，学校常态化疫情防控领导小组办公室及各防控专班负责人参加会议。</p><p>常俊标，1963年10月生，河南滑县人，中原学者，药物化学专家，长期从事有机合成与药物化学研究工作，先后曾荣获国家科技进步二等奖、国家自然科学二等奖、中国专利金奖。</p><p>常俊标曾先后在新乡医学院、郑州大学担任校领导近12年，2015年接替王键吉担任河南师范大学校长。另外，常俊标曾获得2008年度国家杰出青年科学基金。</p><p>“双一流”学科建设首批入列高校之一的安徽大学，近日也引进一名“75后”国家杰青担任副校长。</p><p><br></p><p>4月1日，安徽大学官网发布消息：近日，安徽省委决定，孙长银同志担任安徽大学党委委员、常委、副校长。消息提到：为进一步加强安徽大学“双一流”建设，推动安徽高等教育深度融入长三角一体化发展，经安徽省委组织部、省委教育工委与东南大学党委协商推荐、组织考察，任命孙长银同志为安徽大学党委委员、常委、副校长。</p><p>根据安徽大学方面介绍，孙长银教授长期从事自主无人系统控制、机器人导航定位以及深度强化学习等研究，是东南大学首席教授、学习机器研究中心主任、国家杰青、国家“万人计划”领军人才、国家自然科学基金委创新研究群体学术带头人。先后获国家自然科学二等奖、教育部自然科学一等奖等，获评第七届全国优秀科技工作者，获颁“庆祝中华人民共和国成立70周年”纪念奖章。</p><p>安徽大学在上述消息中提及：孙长银教授的引进，是安徽大学在长三角一体化发展战略中，继从复旦大学引进陈诗一教授之后，再次获得长三角头部高校的鼎力支持。</p><p>据国家自然科学基金委员会官网介绍，国家杰出青年科学基金项目支持在基础研究方面已取得突出成绩的青年学者自主选择研究方向开展创新研究，促进青年科学技术人才的成长，吸引海外人才，培养造就一批进入世界科技前沿的优秀学术带头人。</p>', 1, 19, '作者1', '2022-4-0512:33:30');
INSERT INTO `news` VALUES (78, '中国著名建筑大师沈国尧逝世，享年90岁', 'http://127.0.0.1:3000/1649141731333_新闻1.jpg', '<p>据东南大学建筑设计研究院有限公司发布的讣告，中国共产党优秀党员、中国著名建筑大师、东南大学建筑设计研究院原副院长、总建筑师沈国尧同志，因病医治无效，于2022年4月3日上午9时44分在南京逝世，享年90岁。</p><p class=\"ql-align-center\"><img src=\"https://n.sinaimg.cn/sinakd20220404s/137/w600h337/20220404/c7ac-e2aa026d062c2cbc24781cef4c5c7246.jpg\" alt=\"沈国尧（1932-2022）\"><strong>沈国尧（1932-2022）</strong></p><p>东南大学建筑设计研究院有限公司介绍，沈国尧同志，1932年出生于浙江绍兴，1955年毕业于南京工学院建筑系，后留校任教。1960年9月加入中国共产党。1960年晋升为讲师，1981年晋升为副教授，1987年晋升为教授，1992年享受国务院颁发的政府特殊津贴。</p><p>他是东南大学建筑设计研究院的主要创建者之一。1965年作为负责人筹建“南京工学院建筑设计院”；1981—1995年任设计院副院长、总工程师、总建筑师；1996—1999年任设计院总建筑师和技术委员会主任；1999年10月退休，任设计院资深总建筑师。</p><p><br></p><p>公开资料显示，沈国尧共主持设计了各类建筑200多项（含规划），获省、部级以上奖37项，其中南京大学中美文化中心与武汉大学人文科学馆两项获国家银奖，绍兴文理学院教学实验楼获国家铜奖，并审核建筑设计项目110余项，其中也多项获奖，部分设计作品已被收录入《中国百名一级注册建筑师作品选》。主要研究方向为环境建筑学、校园规划及教育建筑。发表学术论文45篇，其中《大学校园环境规划理论探讨》获中国建筑学会优秀论文奖，并合作主编《高校图书馆建筑设计》等资料集三本，公开出版。</p><p>讣告称，“沈国尧同志是中国大学设计机构创建和发展的开拓者之一。他德才兼备，胸怀大局、治学严谨、为人谦逊。他始终坚持建筑创作、学术研究和人才培养的一体融贯，始终坚持建筑创作的功能观、环境观和文化观，在校园规划、教育建筑等方面取得了富有重要影响力的研究和实践成果。沈国尧同志为建筑创作和教育事业奉献了自己的毕生心血，他的逝世是我国建筑设计领域的重大损失！”</p>', 1, 19, '作者1', '2022-4-0514:33:30');
INSERT INTO `news` VALUES (79, '洛阳一名贵牡丹被偷摘1朵？ 园方：价值待商榷 警方已介入', '', '<p>来源：百姓关注</p><p>4月4日，一河南洛阳王城公园价值十万元一株的春柳牡丹共开两朵花，其中一朵被摘的视频引发关注。公园保安称这株春柳牡丹中的一朵是2日晚被折断摘走的，附近没有监控。5日，公园方称此事警方已介入调查，而对于网传十万元一株的价格有待商榷。</p><p class=\"ql-align-center\"><img src=\"https://n.sinaimg.cn/news/transform/205/w550h455/20220405/46ab-07b14e5f9a1dfdaba448ce343e7f26da.png\"></p>', 1, 19, '作者1', '2022-4-0515:29:30');
INSERT INTO `news` VALUES (80, '国家级名单！南昌一地入围', '', '<p class=\"ql-align-center\"><strong>好消息！好消息！</strong></p><p class=\"ql-align-center\"><strong>南昌市进贤县三里乡</strong></p><p class=\"ql-align-center\"><strong>入围全国农业产业强镇创建名单</strong></p><p class=\"ql-align-center\"><br></p><p class=\"ql-align-center\"><strong><img src=\"https://n.sinaimg.cn/sinakd20220404s/290/w145h145/20220404/d29a-e4440159a75509a5e72ca34a7d41d32e.gif\"></strong></p><p>日前，农业农村部、财政部公示了2022年全国农业产业强镇创建名单，全国拟批准创建200个农业产业强镇，江西省7个乡镇入围公示名单，<strong>其中南昌市进贤县三里乡榜上有名</strong>。</p><p class=\"ql-align-center\"><img src=\"https://n.sinaimg.cn/sinakd20220404s/560/w800h560/20220404/1bda-0adfe0c7fd4ab6b24cb30bd90126cde2.jpg\"></p><p>据了解，对入选2022年全国农业产业强镇创建名单的乡镇，中央财政资金将通过以奖代补方式予以适当支持，奖补资金主要支持主导产业关键领域、薄弱环节发展，提升种养基地、加工物流等设施装备水平，培育主导产业经营主体，促进主导产业进一步转型升级、由大变强。</p><p class=\"ql-align-center\"><img src=\"https://n.sinaimg.cn/sinakd20220404s/150/w1000h750/20220404/783a-761399bb892d97f427fa61988a29251a.jpg\"></p><p class=\"ql-align-center\"><img src=\"https://n.sinaimg.cn/sinakd20220404s/100/w1000h700/20220404/6fdb-7f4984c1241f6ad1d24ed0c6b004e325.jpg\"></p><p class=\"ql-align-center\"><br></p><p><br></p><p>进贤县三里乡是南昌市远近闻名的黄鳝之乡，全域水产资源丰富，天然饵料充足，非常适宜发展生态养殖。目前，三里乡网箱养鳝达46万余箱，网箱养殖面积达2万亩，网箱养鳝产量达1.56万吨，占进贤县黄鳝产量超过八成，年产值近11亿元，黄鳝等特种水产养殖已成为三里乡最重要的富民支柱产业。</p>', 1, 19, '作者1', '2022-4-0515:30:30');
INSERT INTO `news` VALUES (81, '支援上海防疫 西部战区空军发布运-20高清照片', 'http://127.0.0.1:3000/1649143647020_新闻2.jpg', '<p>4月4日晚，中国人民解放军西部战区空军官方微博“西部空天”发布消息称，“小西也来啦，我们一起守‘沪’!举国上下一条心，我们一定会胜利!”，并配上了两张运-20大型运输机的高清照片。</p><p class=\"ql-align-center\"><img src=\"https://n.sinaimg.cn/spider20220405/211/w637h374/20220405/f26b-753c37f003d0765fcb5e37691872f824.jpg\" alt=\"编辑：郭佳欣\"></p><p class=\"ql-align-center\"><img src=\"https://n.sinaimg.cn/spider20220405/366/w700h466/20220405/5613-b54955b9e6976617467f0383442237d4.jpg\" alt=\"编辑：郭佳欣\"></p><p class=\"ql-align-center\"><img src=\"https://n.sinaimg.cn/spider20220405/293/w700h393/20220405/2ddd-28df2cc654d6985703a13c1fe1b7b054.jpg\" alt=\"编辑：郭佳欣\"></p><p><br></p>', 1, 19, '作者1', '2022-4-0515:33:10');
INSERT INTO `news` VALUES (82, '台湾新增216例新冠肺炎本土确诊病例', '', '<p>台湾流行疫情指挥中心4月5日公布，台湾新增新冠肺炎确诊病例281例，分别为216例本土病例和65例输入病例。其中本土新增病例数再创今年单日新高。</p>', 1, 19, '作者1', '2022-4-0515:33:30');
INSERT INTO `news` VALUES (83, '俄媒：匈牙利发生火车与汽车相撞事件，多人伤亡', 'http://127.0.0.1:3000/1649144162187_新闻3.png', '<p>[环球网快讯]俄罗斯卫星网5日最新消息，匈牙利南部城镇Mindszent发生一起火车与汽车相撞事件，当地媒体报道称，有多人伤亡。</p><p class=\"ql-align-center\"><img src=\"https://n.sinaimg.cn/spider20220405/605/w1260h945/20220405/933e-ec1a4a98f8b881639672632da9530d80.png\" alt=\"俄媒援引事发现场图\"><strong>俄媒援引事发现场图</strong></p><p><br></p><p>报道称，事故发生在当地一个铁路道口，火车与一辆货车碰撞后脱轨。当地警方已经封锁了事故区域，紧急服务和医疗人员目前正在现场工作。</p><p>卫星网补充称，该列火车上至少有22名乘客，目前至少有10人受伤。</p><p>同样报道该消息的美联社援引匈牙利国家铁路公司的声明称，目前为止，死者均为小型货车上的乘客。</p>', 5, 19, '作者1', '2022-4-0515:36:04');
INSERT INTO `news` VALUES (84, '德国将从5月1日起解除对新冠确诊者的强制隔离措施', '', '<p>德国联邦卫生部长劳特巴赫于当地时间4日表示，将从5月1日起解除对新冠肺炎确诊者实施强制隔离的措施。</p><p>尽管劳特巴赫强调仍强烈建议确诊者接受隔离，但表示从下个月起这将是自愿性质的。他说：“目前的条例措施有效，但它从长远来看是没有必要的。”</p><p>他补充说，这其中并不包括在医疗机构工作的人，他们若确诊，必须强制隔离5天。</p><p>根据德国新的防疫保护法，自当地时间4月3日起，几乎在所有联邦州，仅在少数场合对佩戴口罩作一般性要求，比如在诊所、疗养院、医院、乘坐公共汽车和火车时，在学校仍可以进行强制检测。有观点认为，德国此后防疫更依靠公民自身考量和责任意识。</p>', 5, 19, '作者1', '2022-4-0515:36:43');
INSERT INTO `news` VALUES (85, '日本政府5日起禁止对俄出口19种奢侈品', '', '<p><span style=\"color: rgb(0, 0, 0);\">围绕当前俄乌局势，日本政府加强对俄罗斯的制裁措施，从5日起开始禁止向俄罗斯出口包括日本汽车、珠宝等19种奢侈品。</span></p>', 5, 19, '作者1', '2022-4-0515:37:23');
INSERT INTO `news` VALUES (86, '刚拿下奥斯卡影帝的威尔·史密斯怎么就凉了？', 'http://127.0.0.1:3000/1649145112476_国际新闻1.jpg', '<p>刚刚获得奥斯卡的威尔·史密斯，有些要凉的节奏。</p><p>据美国媒体4月2日报道，流媒体巨头奈飞（Netflix）已悄悄搁置史密斯新片《Fast and Loose》项目，索尼也暂停开发史密斯主演的电影《绝地战警4》。另外，他原定于今年在流媒体Apple TV+上线的《解放黑奴》也或将延迟推出。</p><p class=\"ql-align-center\"><img src=\"https://n.sinaimg.cn/news/crawl/699/w550h149/20220405/080b-07c01a14880ba9e4efb7e1f776842de8.jpg\"></p><p class=\"ql-align-center\"><strong>“爱妻狂魔”的冲动之举</strong></p><p>威尔·史密斯为什么会遭平台疑似集体“封杀”？事情还要回到3月27日说起。</p><p>当天，在洛杉矶举办的第94届奥斯卡金像奖颁奖典礼出现戏剧性一幕：</p><p>作为颁奖嘉宾的黑人喜剧演员克里斯·洛克开了一个低级玩笑，他调侃史密斯的妻子贾达·萍克特·史密斯应该去参演电影《魔鬼女大兵》，因为她的光头造型与片中女主角一样。</p><p>这个玩笑带有一定程度的冒犯性。因为贾达患有脱发症，十分影响形象，不得已才剃了一个光头。</p><p class=\"ql-align-center\"><img src=\"https://n.sinaimg.cn/news/gif_image/94/w576h318/20220405/57a6-1a49a65494b74b5648a3657dd0805112.gif\"></p><p>从现场镜头不难看出，贾达对于这个玩笑非常不悦，当场翻了白眼。</p><p class=\"ql-align-center\"><img src=\"https://n.sinaimg.cn/news/crawl/36/w550h286/20220405/b732-1ffc47a7ca23bcfa9c1b518bdc9334db.png\"></p><p>一开始也在跟着大家一起笑的威尔·史密斯，看到妻子不爽了，顿时“爱妻狂魔”附体，径直走上台前，狠狠扇了洛克一记耳光。</p><p class=\"ql-align-center\"><img src=\"https://n.sinaimg.cn/news/crawl/99/w550h349/20220405/757c-8c5b957405768e6f2a31de727881fcee.jpg\"></p><p>返回座位后，他又破口大骂道：“别XX提我妻子的名字！”</p><p>现场一片震惊后，洛克在踉跄和慌乱中掩饰尴尬说：“哇，威尔·史密斯刚刚打了我一巴掌。”颁奖典礼继续进行了下去。</p><p>这场突如其来的事故在网络舆论上迅速发酵，很多观众第一时间甚至以为这是编排好的“现场表演”，在得知真相后深感震惊。</p><p>虽然有部分意见认为史密斯的“护妻”行为可以理解，但更多人对史密斯的暴力行为表达了不满，认为此举社会影响十分恶劣。</p><p>讽刺的是，掌掴事件发生后不久，威尔·史密斯凭借在《国王理查德》中饰演“理查德·威廉姆斯”拿下“最佳男主角”，这就相当的尴尬了。</p><p class=\"ql-align-center\"><img src=\"https://n.sinaimg.cn/news/crawl/116/w550h366/20220405/cbb2-25b7ef65163a1c244fbbf4bccdbca1b9.jpg\"></p><p>这部电影是讲述理查德·威廉姆斯的真实故事，一位没有任何网球背景的黑人父亲培养出了维纳斯·威廉姆斯和塞雷娜·威廉姆斯（大威小威）两个网球巨星。</p><p class=\"ql-align-center\"><img src=\"https://n.sinaimg.cn/news/crawl/567/w550h817/20220405/8041-d4d7b1c0311daea902bbd1e9f2bdef38.png\"></p><p>获奖一刻，威尔·史密斯百感交集，忍不住落泪，他第一句话是借用获奖影片角色，说“理查德·威廉姆斯会为了他的家人而战！”（指自己为何打人），之后又表示他因打人的行为向学院以及现场提名者道歉。“丹泽尔·华盛顿刚跟我说，这是我人生的高光时刻，小心一点，不要让内心的恶魔给干扰了。我想向奥斯卡组委会道歉，向和我一起提名的人道歉。希望学院以后还能请我参加奥斯卡。”</p><p class=\"ql-align-center\"><img src=\"https://n.sinaimg.cn/news/crawl/104/w550h354/20220405/9062-2c10d64e2ca15e8842290163f48689a1.png\" alt=\"左为奥斯卡影帝丹泽尔·华盛顿\"><strong>左为奥斯卡影帝丹泽尔·华盛顿</strong></p><p>3月28日凌晨，奥斯卡官方推特账号发布推文，明确表示“学院”（美国电影艺术与科学学院，奥斯卡金像奖的主办单位）不容忍任何形式的暴力行为。</p><p>威尔·史密斯也迅速在社交媒体Instagram上向克里斯·洛克道歉，称“我错了”，“对此我深感羞愧”，并表示“在这充满爱和善意的世界里，没有暴力的容身之地”。</p><p class=\"ql-align-center\"><img src=\"https://n.sinaimg.cn/news/crawl/72/w550h322/20220405/cee7-cfda7d6bb8ed78360b5b175df51f04b5.png\"></p><p>稍晚些时候，威尔·史密斯在微博上发了相同内容的中英文版本。</p><p class=\"ql-align-center\"><img src=\"https://n.sinaimg.cn/news/crawl/252/w550h502/20220405/2a8e-12803e226fce152e878595ece2aae832.png\"></p><p>紧接着，威尔·史密斯公开宣布“将辞去美国电影艺术与科学学院的会员身份，并将接受委员会认为适当的任何进一步后果”。</p><p class=\"ql-align-center\"><img src=\"https://n.sinaimg.cn/news/crawl/710/w500h210/20220405/1895-c8f83c380739e504a87c32c79ba51e4f.jpg\" alt=\"威尔·史密斯辞职声明\"><strong>威尔·史密斯辞职声明</strong></p><p>他在这封请辞信中进一步表示——</p><p>我已经直接回应了学院的纪律听证会通知，我将完全接受我的行为造成的一切后果。我在第94届奥斯卡颁奖典礼上的行为令人震惊、痛苦和不可原谅。</p><p>我伤害过的人很多，包括克里斯，他的家人，我的许多亲爱的朋友和亲人，所有在场的人，以及全球的观众。</p><p>我辜负了学院的信任。我剥夺了其他提名者和获奖者为他们非凡的工作庆祝和被庆祝的机会。我很伤心。</p><p>我想把重点放在那些因其成就而值得关注的人身上，并让学院回到它为支持电影的创造性和艺术性所做的不可思议的工作上。</p><p>因此，我将辞去美国电影艺术与科学学院的会员身份，并接受董事会认为适当的任何进一步后果。</p><p>改变需要时间，我致力于工作，以确保我再也不会让暴力取代理智。</p><p>4月1日，CNN报道称，美国电影艺术与科学学院将于4月18日召开董事会，届时“学院可能会采取任何纪律行动”。</p><p class=\"ql-align-center\"><img src=\"https://n.sinaimg.cn/news/crawl/603/w500h103/20220405/052d-8c5e8071d2d00847fd7d227ca5529c56.jpg\" alt=\"CNN报道截图\"><strong>CNN报道截图</strong></p><p>在此之前，学院继续对违反学院行为标准的威尔·史密斯进行纪律处分。</p><p>然后，就有了本文一开始提到的各类平台对其的疑似“封杀”。</p><p class=\"ql-align-center\"><strong>唱而优则演的黑人影星</strong></p><p>如果不是掌掴事件，威尔·史密斯可以说是好莱坞当下最火的黑人男星。</p><p>在奖项方面，他是奥斯卡历史上继西德尼·波蒂埃、丹泽尔·华盛顿、杰米·福克斯、福里斯特·惠特克之后的第五位黑人影帝。</p><p>在票房方面，他是绝对的保障——从1995年主演迈克尔·贝的《绝地战警》到2010年捧儿子贾登演戏之前，威尔·史密斯主演的电影全球票房就没有低过1亿美元——《绝地战警》1.4亿美元、《独立日》8.1亿美元、《黑衣人》5.87亿美元、《飙风战警》1.1亿美元、《机械公敌》3.4亿美元、《我是传奇》5.7亿美元。</p><p class=\"ql-align-center\"><img src=\"https://n.sinaimg.cn/news/crawl/445/w474h771/20220405/9b00-280f1a50f740512cfba17a13621e9ba1.jpg\"></p><p>很多人可能并不了解，1968年生于美国费城的威尔·史密斯早年是从音乐界出道。</p><p class=\"ql-align-center\"><img src=\"https://n.sinaimg.cn/news/crawl/193/w550h443/20220405/48cb-8b079a6ca91c098843b96d0e9240bdec.jpg\"></p><p>27岁时（1995年），威尔·史密斯出演《绝地战警》名声大噪，次年主演了知名影片《独立日》而跻身一线男星的位置。他从未接受过系统的表演训练，但却可以轻松驾驭科幻片、喜剧片和剧情片。威尔·史密斯是影史唯一一位连续八部作品超过1亿美元票房的明星，被誉为好莱坞最后一位能独撑票房的男星。</p><p>2002年，威尔·史密斯凭借传记片《拳王阿里》入围奥斯卡金像奖最佳男主角，最终惜败。之后再次凭借《当幸福来敲门》入围，依旧没能获奖。这么多年来，威尔·史密斯主演了很多经典电影，演电视、灌唱片也样样精通。</p><p>当然，2010年为了捧儿子之后，他也演了一些烂片。</p><p class=\"ql-align-center\"><img src=\"https://n.sinaimg.cn/news/crawl/117/w550h367/20220405/05b8-a3bf8e61595e32bb233d8d65880abd1f.jpg\"></p><p>这两年想通了，威尔·史密斯又认真挑剧本了。</p><p>这一次，威尔·史密斯终于拿到了小金人，却因为掌掴事件而受到影响。他是否真的会凉凉，吃瓜群众拭目以待。</p><p class=\"ql-align-center\"><img src=\"https://n.sinaimg.cn/news/crawl/117/w550h367/20220405/5b61-f35cba9c54b9aa3122918025fb1635a3.png\" alt=\"威尔·史密斯一家\"><strong>威尔·史密斯一家</strong></p><p><br></p>', 5, 19, '作者1', '2022-4-0515:51:59');
INSERT INTO `news` VALUES (87, '波兰总理：德国是对俄制裁最大“绊脚石”', 'http://127.0.0.1:3000/1649145478079_国际新闻2.jpg', '<p>制裁俄罗斯这件事上，欧盟内部“热度”不均。据路透社报道，波兰总理莫拉维茨基（Mateusz Morawiecki）4月4日在记者会上公开指责西边邻国德国是对俄制裁的“主要绊脚石”（main stumbling block）。</p><p>莫拉维茨基发表此番话前一天，匈牙利总理欧尔班刚刚宣布赢下国会选举。这位第4次当选的领导人与欧盟在对俄立场上存在龃龉。他在没怎么谴责普京的情况下连任，引起包括波兰在内的欧盟多国不满。</p><p class=\"ql-align-center\"><img src=\"https://n.sinaimg.cn/spider20220405/337/w1240h697/20220405/579d-c13eacd8ccefc11b65d9117a02a717d7.jpg\" alt=\"波兰总理莫拉维茨基 资料图\"><strong>波兰总理莫拉维茨基 资料图</strong></p><p>但欧尔班的胜利已成定局，无奈的波兰总理转而批评德国。莫拉维茨基在记者会上说：“我们必须看到，无论我们怎么对待匈牙利，这是（欧尔班）第四次胜利，我们必须尊重民主选举。。。。。。而德国，是制裁（俄罗斯）的主要绊脚石。实际上，匈牙利还是支持制裁的。”</p><p>莫拉维茨基说，欧尔班并未阻止制裁，实际上，主要障碍是那些害怕经济受损的大国。</p><p>这两天，俄军从基辅北郊撤离，乌克兰重新控制了该地区。昨天，乌国防部发布照片与视频称，布查镇有多具尸体横尸街上，当中有些双手被反绑在后背。乌总检察长维涅迪克托瓦称，已找到410具平民遗体。乌外长库列巴称其为“屠杀”。</p><p class=\"ql-align-center\"><img src=\"https://n.sinaimg.cn/spider20220405/266/w640h426/20220405/c6b1-5eb339621dd5be13434b91c1f70c09cd.jpg\" alt=\"布查镇 图自乌克兰国防部\"><strong>布查镇 图自乌克兰国防部</strong></p><p>一石激起千层浪，欧洲多国纷纷谴责，并放话对俄发起严厉制裁。</p><p>莫拉维茨基控诉称俄罗斯在乌克兰的所作所为是“单纯恶魔行径”，并喊话称欧盟如果想“在道义上说得过去”，唯一的道路就是对俄罗斯发起最严厉的制裁。</p><p>实际上，德国此次也发声谴责俄罗斯。德国副总理兼经济部长哈贝克3日谴责乌方所指控的是“可怕的战争罪行”，并呼吁欧盟国家对俄罗斯采取新的经济制裁。</p><p>但莫拉维茨基仍觉不够。这位波兰总理呼吁欧盟必须发动“反俄制裁”，还责怪德国前总理默克尔允许俄罗斯经年累月购买原材料以建设其军队，且在俄乌冲突后一直保持沉默。莫拉维茨基喊话现在的德国领导人“倾听无辜的妇女儿童、被杀害的人民的声音，而不是德国商人的。”</p><p>值得注意的是，德国是欧盟中俄罗斯能源的最大买家。俄乌冲突爆发前，德国所消耗的化石燃料中，大约50%的煤炭、35%的石油和55%的天然气来自俄罗斯。德国副总理兼经济和气候保护部长罗伯特·哈贝克3日接受德国电视二台采访时表示，德国正减少对俄能源的依赖，但不可能马上彻底摆脱。</p><p><strong>不止德国，波兰总理指责法国“偏心”</strong></p><p>不止如此，莫拉维茨基还对将矛头对准法国总统马克龙，“你（马克龙）和普京交涉了多少次了？你不用和‘罪犯’交涉，得和他们战斗。”</p><p>发动“群体攻击”的莫拉维茨基也指责法国对俄“偏心”。他说“法国也和德国一样，对俄罗斯有强烈的偏爱。”</p><p>自从俄罗斯对乌克兰发起特别军事行动后，波兰是谴责声最强的欧盟国之一。波兰高级官员此前呼吁美军在欧洲大规模部署，还表明波兰渴望承接美军核武器，以震慑俄罗斯。此外，波政府还施行“经济去俄罗斯化”政策，并表示要在波兰镇压俄罗斯文化。</p><p><strong>俄罗斯否认杀害平民</strong></p><p>俄罗斯否认在布查杀害平民的指控。俄罗斯国防部在3日发表的声明中表示，没有任何布查居民遭受暴力，乌克兰发布的所有指控俄军队“犯罪”的照片和视频都是“挑衅”。俄罗斯外交部发言人扎哈罗娃表示，乌方的目的旨在“破坏和平谈判”。</p><p>此外，克里姆林宫发言人佩斯科夫4月4日回应波兰称，波方的“反俄”言论是“极其挑衅”的，俄方对此表示“深切担忧”。</p><p><strong>相关报道</strong></p><p><strong>波兰向德法开炮：你们太偏袒俄罗斯（观察者网）</strong></p><p>（观察者网讯）“德国和法国一样，对俄罗斯的行径存在强烈偏袒”，当地时间4月3日，波兰副总理雅罗斯瓦夫·卡钦斯基（Jarosław Kaczynski）对德、法两国“开炮”称，是德国对俄罗斯“视而不见”，才造成今天的后果。</p><p>他还呼吁美国大举向欧洲增兵，在俄罗斯边境部署更多军队，并且对美国在其领土上部署核武器持开放态度。</p><p>对此，俄罗斯联邦保护国家主权委员会主席安德烈·克里莫夫3日回应称，部署了美国核导弹的国家都是俄罗斯的头号目标，若开战，波兰瞬间就会遭殃。</p><p class=\"ql-align-center\"><img src=\"https://n.sinaimg.cn/sinakd20220404s/160/w1299h461/20220404/6b2b-3672412f007cb84d2235cab76c79abc1.png\" alt=\"德国《世界报》：波兰指责德国“强烈偏袒莫斯科”\"><strong>德国《世界报》：波兰指责德国“强烈偏袒莫斯科”</strong></p><p>卡钦斯基是波兰现任副总理，也是波兰执政党法律正义党（PiS）主席。据德国《世界报》（Die Welt）4月3日报道，卡钦斯基在接受采访时，指责德、法两国“强烈偏袒”俄罗斯，并要求德国停止从俄罗斯购买石油。</p><p>“你不能用支付数十亿资金购买能源的方式，不断支持像俄罗斯这样的大国”，卡钦斯基指责德国称，“从政治和道德的角度来看，这是不允许的。这种情况必须结束，德国最终应该对此采取明确的立场”。</p><p>德国对俄能源依赖严重，在俄乌冲突加剧前，德国55%的天然气、半数煤矿以及大约35%的石油都来自俄罗斯。</p><p>为此，德国总理朔尔茨坚决反对立即禁运俄罗斯能源。朔尔茨3月23日称，德国将在适当的时候结束对俄罗斯的能源依赖，但现在切断与俄的所有能源关系将让德国经济措手不及。禁运俄罗斯的石油和天然气将导致经济衰退。</p><p>采访中，卡钦斯基表达了对德国的强烈不满：“多年来，德国政府对俄罗斯在其总统普京领导下的所作所为，视而不见。如今，我们看到了后果。”</p><p class=\"ql-align-center\"><img src=\"https://n.sinaimg.cn/sinakd20220404s/533/w800h533/20220404/534c-7443aa1af75c0a150c6e5cd5dbe132dc.jpg\" alt=\"3月15日，卡钦斯基（左一）与波兰总理莫拉维茨基一同前往乌克兰基辅，表达支持。图自人民视觉\"><strong>3月15日，卡钦斯基（左一）与波兰总理莫拉维茨基一同前往乌克兰基辅，表达支持。图自人民视觉</strong></p><p>不仅如此，卡钦斯基还呼吁美国大举向欧洲增兵。卡钦斯基说，美国在欧洲的7.5万军队应该永久驻扎在北约东侧，与俄罗斯接壤的边境地区。</p><p>他说：“如果美国未来在欧洲的驻军从目前的10万人增加到15万人，波兰会很高兴，因为俄罗斯越来越咄咄逼人。”</p><p>卡钦斯基还称，波兰对美国在其境内部署核武器“持开放态度”，并呼吁北约在波兰建立新的军事指挥中心。“从根本上说，将核共享扩大到（北约）东翼是有意义的。”</p><p>俄乌冲突加剧后，波兰率先对乌克兰表示支持，在制裁俄罗斯上态度积极，波兰呼吁欧盟全面禁止与俄罗斯进行贸易，并且上个月还试图向乌克兰提供战斗机。</p><p>3月29日，波兰政府避开欧盟单独行动，宣布将禁止俄罗斯煤炭，成为首个禁止俄罗斯能源的欧盟国家。4月2日，立陶宛也宣布，“从本月起停止购买俄罗斯天然气”。</p><p><br></p><p>波兰能源领域智库“能源论坛”数据显示，波兰每年煤炭消费量的五分之一左右需要进口。2020年，波兰75%的进口煤炭源自俄罗斯。</p><p>据俄卫星社报道，波兰总理莫拉维茨基4日还在记者会上称，波兰建议欧盟对统一俄罗斯党所有成员实施制裁。截至2021年末，统一俄罗斯党的成员已超过230万人。他还建议停止向俄罗斯公民发放除人道主义签证以外的所有申根签证。</p><p>对于卡钦斯基在其领土部署核武器的提议，俄罗斯联邦保护国家主权委员会主席安德烈·克里莫夫3日对俄卫星通讯社表示，部署了美国核导弹的国家都是俄罗斯的头号目标，若开战，波兰瞬间就会遭殃。</p><p>克里莫夫指出，“弹头的位置对我们来说并不重要，最重要的是它对我们构成严重威胁。为此，从逻辑上讲，在任何危险情况下就要立刻将其摧毁。” 他强调，“如果出现类似冲突，波兰立刻就会遭殃。当然希望这不会发生。”</p>', 5, 19, '作者1', '2022-4-0515:58:03');
INSERT INTO `news` VALUES (88, '俄罗斯将向安理会提交布查事件相关证据', '', '<p>财联社4月5日电，俄罗斯常驻联合国代表涅边贾当地时间4月4日在纽约联合国总部举行的记者会上表示，俄方将于4月5日向安理会提交证据，证明布查事件是由乌克兰方面策划的宣传活动。他还称，联合国安理会轮值主席英国拒绝俄罗斯要求召开紧急会议的请求，这一举动破坏了安理会议事规则。乌克兰媒体4月3日公布了一系列布查市平民死亡的视频和图片，乌方指责俄军对这些平民犯下了暴行。布查事件发酵后，俄方请求联合国安理会就事件举行会议，但遭轮值主席英国拒绝。</p><p><strong>更多报道</strong></p><p><strong>联合国秘书长：“有必要”对布查平民遇害事件进行“独立调查”（环球网）</strong></p><p>[环球网报道]据美国有线电视新闻网（CNN）报道，联合国秘书长当地时间3日在一份声明中表示，“有必要”对发生在乌克兰布查市的平民遇害事件进行“独立调查”。</p><p>“我对在乌克兰布查遇害的平民照片深感震惊。”古特雷斯在声明中说。他还表示，针对事件进行“独立调查”对确保“有效问责”至关重要。</p><p>当地时间4月3日，乌克兰媒体公布了一系列布查市平民死亡的图片和视频，乌克兰政府指责是俄军杀害了这些平民。当日，俄罗斯国防部对乌克兰基辅州布查市平民死亡事件进行了回应并发表声明，否认了乌克兰政府对俄罗斯的指责。俄国防部在声明中说，所谓在布查市的“犯罪证据”却在4月3日俄军撤离的第四天，乌军和乌克兰媒体抵达以后出现了。俄国防部认为，这些来自布查市的照片和视频都是乌克兰政府为西方媒体导演的，是乌克兰政府的又一次挑衅行为。俄罗斯外交部发言人扎哈罗娃同一天在Telegram上写道：“俄罗斯要求联合国安理会于2022年4月4日就乌克兰军队和激进分子在布查发起的挑衅举行会议。基辅政权的另一项罪行的实质，是破坏和平谈判和升级暴力。”</p><p><strong>俄罗斯国防部否认布查市平民死亡事件与俄有关（北京日报）</strong></p><p>当地时间4月3日，俄罗斯国防部对乌克兰基辅州布查市平民死亡事件进行了回应并发表声明，否认了乌克兰政府对俄罗斯的指责。</p><p><br></p><p>声明中指出，布查市在俄军占领期间没有一个平民因任何形式的暴力行为死亡，当地居民可以自由行动并使用通信工具，也可以随意出城向北行进。此外俄军还向基辅州居民发放了一共452吨人道主义救援物资。布查市南部包括居民区遭受乌军近一昼夜的大口径火炮、坦克和迫击炮炮击。所有俄军已于3月30日，即俄乌伊斯坦布尔谈判的第二天就全部撤离了布查市。31日，布查市市长费多鲁克也通过视频证实了城市中没有任何俄军存在。</p><p>俄罗斯国防部在声明中说，所谓在布查市的“犯罪证据”却在4月3日俄军撤离的第四天，乌军和乌克兰媒体抵达以后出现了。俄国防部认为，这些来自布查市的照片和视频都是乌克兰政府为西方媒体导演的，是乌克兰政府的又一次挑衅行为。</p><p>当地时间3日，乌克兰媒体公布了一系列布查市平民死亡的图片和视频，乌克兰政府指责是俄军杀害了这些平民。</p><p><br></p>', 5, 19, '作者1', '2022-4-0516:02:22');
INSERT INTO `news` VALUES (89, '专家认为：“一带一路”不会因俄乌冲突停歇', '', '<p><strong>参考消息网4月4日报道</strong>&nbsp;香港《南华早报》网站4月2日发表题为《为什么说乌克兰战争不会导致中国“一带一路”倡议宏伟目标偏离正轨》的文章，作者系香港-亚太经合组织贸易政策研究集团执董戴维·多德韦尔。全文摘编如下：</p><p>《外交政策》杂志上个月的大标题是《普京的战争扼杀了中国欧亚铁路的梦想》。与此同时，美国北得克萨斯大学的内森·赫德森发表在欧亚新闻网上一篇广为流传的报告甚至更加坚定地认为：“这场战争不仅正在让北京付出贸易收入损失的代价，而且还正在将基建投资变成徒劳无功的大包袱。”</p><p>我要说：这类报道完全错了。</p><p>诚然，俄乌冲突给全球造成了巨大经济损失，降低了GDP预测，甚至危害到了全球化。中国与丝绸之路沿线的中亚经济体也在诸多受害者之列。但是，单独列出“一带一路”倡议，既天真又失真。</p><p>事实上，俄乌冲突可能反而证明了2013年提出的这一宏伟计划的价值。这种网络或许在我们面临突然不安全的世界时，能够提供重要的稳定作用。</p><p>最大的错误就是从一年或两年的角度看待“一带一路”倡议，或是把它当作独立的投资。“一带一路”倡议是中国与世界发展关系的百年大计，特别是它横跨广阔的欧亚大陆，一路抵达非洲。</p><p>它出于一种信念：支撑中国过去40多年成功的是大规模基建开发，而中国试图加强联系的发展中经济体——如果它们想成为经济强国和重要的贸易伙伴，也需要加强基础设施建设，不论是公路、铁路、港口、发电站，还是电信网。</p><p>欧亚铁路是个惊人的成功。去年，大约有150万个集装箱往来于中国与23个欧洲国家的130个城市之间，在疫情扰乱了海运和空运之际，占中欧贸易的5%至8%。</p><p>俄乌冲突无疑扰乱了运输，但长期来看，认为这将产生重大影响是不准确的。</p><p>对北京而言，欧亚铁路只是中国争取世界贸易市场准入多样化、减少对马六甲海峡和苏伊士运河的依赖、确保能够长期获得国内长期供应不足的大宗商品渠道的众多项目之一。根据路孚特公司“一带一路”倡议数据库统计，它已包括全球2631个项目，总价值达3.7万亿美元。</p><p>从这个角度看，“一带一路”为一个不稳定的世界提供了极其重要的防御。欧亚铁路短期损失部分集装运输业务，不会让中国人夜不能寐。</p>', 3, 19, '作者1', '2022-4-0516:03:48');
INSERT INTO `news` VALUES (90, '乌谈判团团长:与中国进行安全保障问题谈判 进展有限', 'http://127.0.0.1:3000/1649145897328_军事1.jpg', '<p>原标题：乌克兰谈判团团长：正与中国进行安全保障问题谈判，但进展有限</p><p>（观察者网讯）自3月底提出以中立无核地位换取安全保障后，俄乌谈判乌克兰代表团团长，乌克兰执政党人民公仆党议会党团主席阿拉哈米亚（David Allahamia）4月3日再次披露，乌克兰正在与多国就安全保障问题进行谈判，其中包括中国。但他坦承，与中方的谈判进展更有限。</p><p>当地时间3日，乌克兰总统泽连斯基表示，包括美国在内，乌克兰还没有从任何人那里得到安全保障。美国有线电视新闻网（CNN）1日报道称，多位知情人士透露，美国及其盟国最终不太可能向乌克兰提供它所要求的具有法律约束力的安全保障。</p><p class=\"ql-align-center\"><img src=\"https://n.sinaimg.cn/sinakd20220404s/445/w1001h244/20220404/7b08-79b99fe1cba1d65cec8a7cded330c607.png\" alt=\"乌克兰国际文传电讯社：阿拉哈米亚认为，美国和英国将最后成为乌克兰的安全保障国\"><strong>乌克兰国际文传电讯社：阿拉哈米亚认为，美国和英国将最后成为乌克兰的安全保障国</strong></p><p>据乌克兰国际文传电讯社（interfax）4月3日报道，阿拉哈米亚在接受采访时称，他认为美、英两国最后会同意作为乌克兰安全保障国。“我有一种感觉，当看到大家不再反对，美国和英国最后会一起加入（安全保障）。”他同时强调，土耳其拥有“欧洲最大的北约军队”，得到土耳其的安全保障“非常重要”。</p><p>据阿拉哈米亚透露，乌克兰也正在通过外交渠道与中国进行谈判。他指出，与其他国家相比，与中国方面的进展更少。</p><p>“与其他国家相比，与中国的谈判状态可能还没有准备好。我们每天与其他国家保持两次接触，但与中国更难。我认为中国最终会加入。”</p><p>但他同时援引中国此前发布的声明称，中国“用外交语言说他们不反对”。</p><p>3月3日，外交部发言人汪文斌谈及安全保障问题时表示，根据各自国家声明和联合国安理会第984号决议等文件，核武器国家向乌克兰等无核武器国家提供安全保证。这种安全保证有明确的内容限定和触发条件。在乌克兰问题上，当务之急是有关各方保持冷静克制，缓和局势，促进政治解决。</p><p>此前，3月21日晚，乌克兰外长德米特罗·库勒巴（Dmytro Kuleba）发推称，呼吁中国为“政治解决乌克兰战争”出力。“关于需要为乌克兰战争找到政治解决方案，我们同意中方立场，并呼吁中方作为全球大国，在这一努力中发挥重要作用。”乌克兰总统泽连斯基高级助手耶尔马克（Andriy Yermak）3月22日也表示，乌克兰“非常尊重”中国，希望中国在俄乌冲突中发挥“更显著的作用”。</p><p class=\"ql-align-center\"><img src=\"https://n.sinaimg.cn/sinakd20220404s/301/w640h461/20220404/acc6-60e0aa9248acbae25d9f234464dacd9a.jpg\" alt=\"当地时间2022年3月29日，土耳其伊斯坦布尔，阿拉哈米亚在第五轮俄乌谈判上。图自澎湃影像\"><strong>当地时间2022年3月29日，土耳其伊斯坦布尔，阿拉哈米亚在第五轮俄乌谈判上。图自澎湃影像</strong></p><p>近期，乌克兰总统泽连斯基表示，乌克兰愿意讨论成为中立国，但同时要求获得“安全保障”。在3月29日的俄乌第五轮谈判中，乌克兰向俄罗斯提交了一份详细的中立地位提案，阿拉哈米亚明确提议，以中立无核地位换取安全保障，并要求为乌克兰建立新的安全保障体系。</p><p>乌克兰将联合国安理会国家，以及土耳其、德国、加拿大、意大利、波兰和以色列视为自己的安全保障国。</p><p>“这就是我们所说的乌克兰版北约”，据《华尔街日报》报道，阿拉哈米亚接受采访时说，“所以我们获得中立，但我们的想法是获得强化的中立地位。”</p><p>对此，美国有线电视新闻网（CNN）1日报道称，多位知情人士透露，美国及其盟国一直在权衡，如果乌克兰放弃加入北约，西方如何向乌克兰提供安全保障。知情人士同时指出，美国及其盟国最终不太可能向乌克兰提供它所要求的具有法律约束力的保护。</p><p>白宫通讯联络办公室主任凯特·贝丁菲尔德3月30日称，华盛顿正与乌克兰就如何维护乌克兰的“主权和安全”进行“持续的讨论”。但她同时称，目前她无法分享任何具体信息。</p><p>德国方面似乎态度积极，称愿意向乌克兰提供某种形式的安全保障，但也没有提及保障的具体内容。</p><p>德国外长安娜莱娜·贝尔伯克3月30日对德国公共广播联盟说：“如果（乌克兰）需要保障，那么德国将作出保障。”她还说，基辅可以依赖德国的支持。贝尔伯克说，柏林“百分之百地”与乌克兰“团结一致”。德国总理朔尔茨同天也对乌克兰总统泽连斯基说，柏林“总体上愿意”提供安全保障。</p><p>然而，朔尔茨发言人斯特芬·赫贝斯特雷特（Steffen Hebestreit）又否认称，现在讨论这些承诺还为时过早。一名德国政府高级官员此后澄清说，讨论目前处于早期阶段。乌克兰的提议尚未具体化，并且只有在俄罗斯参与的情况下才能奏效。</p><p><br></p><p>英国副首相多米尼克·拉布也对向非北约成员国提供安全保障的提议表示怀疑。“我们会考虑任何泽连斯基说他需要的东西”，拉布告诉英国广播公司（BBC），“但我认为，我们不会单方面复制适用于北约成员国的北约承诺”。</p><p>另据《华尔街日报》报道，一名知情人士透露，法国愿意支持乌克兰的某种中立形式，乌克兰的安全将得到多个国家的保障。</p><p>然而，该人士同时称，法国不愿签署包含类似北约第五条集体防御条款的安全保障协议。该人士补充说，很大程度上还取决于乌克兰中立地位的细节，包括其国家军队的地位。</p><p>以色列也是乌克兰要求提供安全保障的国家之一，但《华尔街日报》称，以色列不太可能支持该提议。</p><p>“在这一点上，以色列无法为乌克兰提供安全保障，”一名以色列高级官员说。“我们愿意通过建立信任的措施和其他努力协助达成协议”。</p><p>目前尚不清楚克里姆林宫是否会接受基辅的提议。“没有人说双方已经取得进展，”克里姆林宫发言人佩斯科夫谈到谈判时说，拒绝讨论具体提议。“我们不能指出任何特别有希望的东西。”</p>', 3, 19, '作者1', '2022-4-0516:04:59');
INSERT INTO `news` VALUES (91, '107岁开国少将邹衍逝世 曾批准处决“座山雕”', '', '<p>澎湃新闻记者4月2日从邹衍将军亲友处获悉，开国少将、原沈阳军区副政委邹衍同志，因病于2022年4月1日晚在沈阳逝世，享年107岁。</p><p>公开资料显示，邹衍，又名邹衍桃，江西省兴国县人，曾任定边中心县保卫局局长，后任陕甘宁边区政府保安处政治处主任、东北公安部队副政治委员、沈阳军区政治部副主任、副政治委员，1955年被授予少将军衔。</p><p>邹衍将军逝世后，目前健在的开国将军仅存5人，他们基本都是在红军时期就参加革命，平均年龄已在百岁以上。</p><p>自1955年至1965年间，我国共授予或晋升10名中华人民共和国元帅、10名中国人民解放军大将、57名中国人民解放军上将、177名中国人民解放军中将和1360名中国人民解放军少将。这些人一般被统称为“开国将帅”。</p><p>目前，“开国将帅”群体中，元帅、大将、上将、中将均已辞世，健在的5名老将军均为开国少将。</p><p>澎湃新闻记者查询发现，健在的5名开国少将中，1955年授衔的有1人，1961年授衔的有1人，1964年授衔的有3人。</p><p>其中，1955年授衔的1名健在将军分别是：原北京军区工程兵政委杨永松。1961年授衔的健在少将是：江西省军区原政委张力雄。1964年授衔的健在少将分别是：乌鲁木齐军区原副司令员王扶之、原总参谋部炮兵部部长文击、军事医学科学院原院长涂通今。</p><p>上述5名开国将军中，年龄最小的是出生于1923年的原乌鲁木齐军区副司令员王扶之。</p><p>1915年，邹衍出生于江西省兴国县崇贤乡霞光村的一个贫苦农民家，“穷人的孩子早当家”，邹衍从小便立志参加革命，1928年，年仅13岁他就参加了崇贤秘密农民协会，奉命打探消息，传递信件，14岁时当上儿童团的指导员。</p><p>1930年，邹衍参加中国工农红军，加入中国共产主义青年团，1935年由团转入中国共产党。他参加了中央苏区第一至五次反围剿战争、二万五千里长征。长征期间，邹衍在总政治部任通信班长，经常往返于总部和毛泽东、周恩来、朱德等中央领导人之间，传递情报和重要信件。1935年10月，他随中共中央终于到达了陕北。</p><p>1936年，邹衍初进中央党校学习。结业后分配至西北保卫局任检查科科长，甘肃华池县保卫局长，陕甘宁省保卫局侦察科科长，定边（中心）县保卫局长。1938年，他再入延安中央党校学习，结业后任陕甘宁边区保安处政治处主任，边区政府保卫团政治委员兼延安南区分区卫戌司令。</p><p>解放战争时期，邹衍任晋察军区晋西支队副政治委员兼第二团政治委员，牡丹江军区政治部主任，东北野战军独立第八师政治委员。在此期间，邹衍率部参加上党战役与解放吉林、围困长春和辽沈等重大战役，为东北的解放作出了重要贡献。</p><p>东北解放后，独八师归属十纵队指挥，后改为一六师入关，参加平津战役。北平和平解放后，邹衍所部奉命留守北京，参与组建中央公安部队，任政治委员，负责保卫党中央、毛泽东的安全和北京地区的卫戌工作。他参与组织部队迎接党中央和毛泽东安全进驻北平，保卫了全国第一次政治协商会议的胜利召开，参加了开国大典和国庆周年纪念的保卫工作。</p><p>邹衍在东北工作期间，不仅参加和指挥了东北全境剿匪工作，还亲手批准处决小说《林海雪原》中土匪头子“座山雕”的原型。</p><p>在2012年4月2日由沈阳军区政治部编研室编辑出版的《我的回忆》一书中，邹衍曾这样写道：“座山雕被活捉之后关押在牡丹江军区看守所，保卫科同志审讯时我还去看了一次，这是个60来岁的老头子，尖鼻子、白山羊胡子、两腮凹陷，他山里情况熟，身板好，活捉他非常不容易。决定处决他，主要是考虑这个人恶贯满盈，不杀不足以平民愤，还担心关押时间长了，一旦逃走，就不好办了。后来军区特别军事法庭，在牡丹江市召开了群众大会公审了座山雕，对他执行死刑。事后发布了执行死刑布告，上面签署的是我的名字。在牡丹江时由我署名的死刑布告就这一份，所以印象深刻。”</p><p><br></p><p>新中国成立后，邹衍于1951年任东北公安部队副政治委员，沈阳军区装甲兵政治委员、五十军政治委员、沈阳军区政治部副主任、副政治委员、顾问。1952年，邹衍率公安部队与地方公安部门一起歼灭、俘获美蒋海上派遣特务3组80人、空降特务5起33人，最富传奇色彩并轰动世界的是生擒美国中央情报局间谍唐奈和费克图。</p><p>当时，美国中央情报局驻日本一个情报机关派遣特务5人空投到吉林省边境地区后，全部被东北公安俘获。通过分析，邹衍认为有利用敌特扩大战果的可能，遂立即请求上级批准，决定利用敌特电台，让立功赎罪的报务员报告间谍机关，已获重要情报资料，请求速派飞机空援，从而诱捕空降特务。</p><p>1952年11月29日晚11时，公安部队、民兵、公安人员在长白山老父岭布下了天罗地网。当飞机空投时，立即开火，飞机坠毁，驾驶员毙命，乘机前来的美国中央情报局驻日本间谍机关官员唐奈和费克图被俘。这次斗争的胜利轰动了世界，得到了周总理和公安部的嘉奖。后来《人民日报》还在头版刊发了《击破美国的阴谋》的文章。</p><p>1955年，邹衍被授予少将军衔。荣获三级八一勋章、二级独立自由勋章、一级解放勋章。1988年荣获一级红星功勋荣誉章。在中国共产党第十二次全国代表大会上当选为中央纪律检查委员会委员，列席了党的十三次全国代表大会。</p>', 3, 19, '作者1', '2022-4-0516:11:27');
INSERT INTO `news` VALUES (92, '最闪亮的坐标 青山处处埋忠骨', 'http://127.0.0.1:3000/1649146364758_军事2.jpg', '<p>原标题：最闪亮的坐标丨青山处处埋忠骨</p><p>清明时节，我们缅怀英烈，对他们致以最崇高的敬意和思念。那遍布全国各地的烈士陵园，掩埋着先烈们的尸骨，也无声地传诵着他们的英雄故事。青山处处埋忠骨，理想之光不灭，信念之光不灭。铭记烈士们的遗愿，永志不忘他们为之流血牺牲的伟大理想。</p><p class=\"ql-align-center\"><img src=\"https://n.sinaimg.cn/sinakd20220403s/250/w1242h2208/20220403/5f69-af962e6c2e406615b5a186f3b5d95985.jpg\"></p><p class=\"ql-align-center\"><img src=\"https://n.sinaimg.cn/sinakd20220403s/250/w1242h2208/20220403/5b79-7d65cff3a1036bf09698cac52765bb77.jpg\"></p><p class=\"ql-align-center\"><img src=\"https://n.sinaimg.cn/sinakd20220403s/250/w1242h2208/20220403/d3ac-d526024a4cc4713dd0c42c56baf1378a.jpg\"></p><p class=\"ql-align-center\"><img src=\"https://n.sinaimg.cn/sinakd20220403s/250/w1242h2208/20220403/2212-979fd00a5ef6554a84974fb1c2cfe220.jpg\"></p><p class=\"ql-align-center\"><img src=\"https://n.sinaimg.cn/sinakd20220403s/250/w1242h2208/20220403/e96f-2f7d6a9c0c709fa2c9a26af48ba7e695.jpg\"></p><p class=\"ql-align-center\"><img src=\"https://n.sinaimg.cn/sinakd20220403s/250/w1242h2208/20220403/1e90-d0fd141ba3d9e333aa43c825d9ae925c.jpg\"></p><p class=\"ql-align-center\"><img src=\"https://n.sinaimg.cn/sinakd20220403s/250/w1242h2208/20220403/cf7e-2c5e1701cba3abf71a40ee578f69fa74.jpg\"></p><p class=\"ql-align-center\"><img src=\"https://n.sinaimg.cn/sinakd20220403s/250/w1242h2208/20220403/93ee-8eb6eb83f4e7ae9091a2d832027299a1.jpg\"></p><p class=\"ql-align-center\"><img src=\"https://n.sinaimg.cn/sinakd20220403s/250/w1242h2208/20220403/a139-76d693ca931f20922582d9371c73453d.jpg\"></p><p><br></p><p>永远怀念为国牺牲、为民牺牲的英雄烈士！</p><p>——————</p>', 3, 19, '作者1', '2022-4-0516:12:49');
INSERT INTO `news` VALUES (93, '盘点近年来波音737系列飞机重大意外事故', '', '<p>2000年</p><p>4月19日，菲律宾菲鹰航空公司的一架波音737客机在菲南部达沃市附近的萨马尔岛坠毁，机上124名乘客和7名机组人员全部罹难。</p><p>2003年</p><p>3月6日，阿尔及利亚航空公司的一架波音737-200客机在阿南方城市塔曼拉塞特坠毁，机上97名乘客和6名机组人员中，仅1人生还。</p><p>7月8日，苏丹航空公司一架波音737客机从该国境内起飞后不久坠毁，105名乘客和11名机组成员丧生，只有1名儿童生还。</p><p>2004年</p><p>1月3日，埃及一架波音737客机在红海海滨旅游城市沙姆沙伊赫起飞后不久，在附近海域失事，机上135名乘客和13名机组人员全部遇难。</p><p>2005年</p><p>2月3日，阿富汗卡姆航空公司的一架波音737客机在从阿西部城市赫拉特飞往喀布尔时遭遇恶劣天气，在喀布尔市郊坠毁，机上96名乘客和8名机组成员全部遇难。</p><p>8月14日，塞浦路斯“赫利俄斯航空公司”一架波音737客机，在希腊首都雅典以北的历史名城马拉松附近坠毁，机上115名乘客和6名机组人员全部遇难。</p><p>8月23日，秘鲁国家航空运输公司一架波音737客机在秘鲁普卡尔帕市机场迫降时发生坠机事故，造成至少30人死亡，11人失踪，57人受伤。</p><p>2006年</p><p>9月29日，戈尔航空1907号班机为波音737-800SFP型客机，由亚马孙州州府玛瑙斯飞往途中，在空中与一架巴西航空工业莱格塞600（EmbraerLegacy600）型飞机相撞并坠毁。机上机组人员6人，乘客148人，合计154人，全部遇难。</p><p>2007年</p><p>1月1日，印尼亚当航空574号班机为波音737-400型客机型客机，从泗水祝安达国际机场前往苏拉威西岛曼纳度途中坠毁。机上96名乘客和6名机组人员全部遇难，飞机残骸及死难者遗体直至空难发生后10天才被发现。</p><p>2月21日，印尼亚当航空172号班机为波音737-300型客机型客机，在泗水祝安达国际机场降落期间，机身中段开始断开，然后被逼硬地。机上少数乘客被掉下来的行李打中受伤。</p><p>3月7日，印尼嘉鲁达航空200号班机为波音737-400型客机，于日惹机场降落时冲出跑道并起火，23人死亡。</p><p>8月20日，中华航空120号班机为波音737-800型客机，在台北飞往日本冲绳县那霸机场降落后，右翼的二号引擎突然起火。当机上157名乘客与8名组员都顺利疏散逃生后瞬间，飞机突然爆炸，共4人受伤送医，其中包括2名职员。</p><p>11月7日，南非全国航空723班机，下午3时50分从开普敦起飞，准备前往约翰尼斯堡，飞机起飞离地后10分钟，右边一具引擎竟然掉落，不过，机长仍然继续起飞，在空中盘旋把油料泄光后才回到机场紧急降落，并没有造成人员伤亡。</p><p>2008年</p><p>8月24日，一架属于伊泰航空公司的波音737客机在吉尔吉斯首都比什凯克马纳斯国际机场起飞后不久坠毁，导致至少68人死亡。这是吉尔吉斯脱离前苏联独立以来，最严重的空难事件。</p><p>9月14日，一架波音737客机在俄罗斯发生空难，机上87人全部罹难，地面无伤亡报告。飞机坠落一处废墟后着火焚烧。出事客机，载有82名乘客及5名机组人员，包括7名儿童，由莫斯科出发，在西伯利亚地区、乌拉尔山脉中部彼尔姆市失事坠毁。</p><p>2009年</p><p>2月25日，土耳其航空载有135人的737-800于荷兰阿姆斯特丹降落时坠毁，机身断成三截，9人死亡。</p><p class=\"ql-align-center\"><img src=\"https://n.sinaimg.cn/mil/transform/33/w533h300/20220321/fc40-a23c170831b88a64fbbc3fd12024c3ff.jpg\"></p><p>12月22日，美国航空公司一架波音737-800型客机22日晚抵达牙买加首都金斯敦诺曼曼利国际机场时冲出跑道，致伤90多人。</p><p>2010年</p><p>1月25日，埃塞俄比亚航空公司一架波音737航班从贝鲁特国际机场起飞后不久坠入地中海，机场消息人士称失事飞机起飞约5分钟后从雷达显示器上消失，机上载有85名乘客。</p><p>5月22日，印度航空快运公司一架波音737-737-8HG（SFP）（WL）型客机（注册号：VT-AXV）当天早上在印度南部降落时失事，机上乘客和机组人员共166名，其中158人遇难，8人幸存。</p><p class=\"ql-align-center\"><img src=\"https://n.sinaimg.cn/mil/transform/79/w550h329/20220321/b0ea-099831e6eb4b77a3e2951c572f42be00.jpg\"></p><p>2011年</p><p>7月30日，加勒比航空公司一架载有163人的波音737-800型客机在切迪·贾根国际机场降落时冲出跑道，机身断为两截。事故造成数人受伤。</p><p>2011年8月20日，加拿大一架客运包机在北极地区坠毁，造成12人死亡、3人受伤。</p><p>2012年</p><p>4月20日，巴基斯坦博雅航空公司，航班号为B4-213载有127人的民航客机20日晚间在伊斯兰堡附近坠毁，机上人员全部遇难。</p><p class=\"ql-align-center\"><img src=\"https://n.sinaimg.cn/mil/transform/32/w500h332/20220321/e293-13af2317fa3947e12af5bf0dc1aeab76.jpg\"></p><p>2015年</p><p>10月20日下午，两架属于尼日利亚阿里克航空公司（Arik Air）所有的波音737-800NG飞机，在拉各斯穆尔塔拉国际机场（MMIA）通航航站楼的停机坪上发生地面碰撞，事发后阿里克航空将这两架飞机停飞。</p><p>2016年</p><p>3月19日，迪拜航空FZ981航班波音737-800客机在俄罗斯顿河畔罗斯托夫州目的地机场降落之际发生空难，在首次降落失败、复飞再降时坠毁，机上55名乘客和7名机组人员全部遇难。</p><p>2018年</p><p>10月29日，印尼狮航一架由737 MAX 8执飞的从雅加达飞往邦加槟港的飞机坠毁。这是一架机龄仅0.3年的波音737 MAX 8飞机。机上的188名乘客和7名空乘人员全部遇难。</p><p>2019年</p><p><br></p><p>3月10日8时38分，埃塞俄比亚航空公司一架波音737-MAX8客机从埃塞首都亚的斯亚贝巴起飞，飞机起飞后不久在距首都约45公里的比绍夫图附近坠毁，机上载有149名乘客和8名机组人员。失事客机造成157人死亡，失事飞机上有8名中国人。</p><p>2020年</p><p>2020年1月8日，一架乌克兰客机在德黑兰霍梅尼国际机场附近坠毁，机上载有170名乘客，飞机型号为波音737，起飞后很快在机场附近帕兰德地区坠毁，所有人员全部遇难。</p><p>2022年</p><p>据中国民航局网站消息，2022年3月21日，东航一架波音737客机在执行昆明——广州航班任务时，于梧州上空失联。目前，已确认该飞机坠毁。机上人员共132人，其中旅客123人、机组9人。民航局已启动应急机制，派出工作组赶赴现场。</p><p><strong>免责声明：以上内容为网友在新浪军事争鸣栏目上传并发布，仅代表发帖网友观点，并不代表本网赞同其观点和对其真实性负责。</strong></p>', 3, 19, '作者1', '2022-4-05 16:13:34');
INSERT INTO `news` VALUES (94, '高超声速导弹在未来大国冲突中可能采用的作战模式', '', '<p>来源：知远战略与防务研究所</p><p class=\"ql-align-center\"><img src=\"https://n.sinaimg.cn/weibo_pub/crawl/103/w550h353/20220314/ad0e-c99e52d3a3010251a040c95a86e7af88.jpg\"></p><p>[知远导读]本文编译自美国《联合部队季刊》（JFQ）2022年第1期。文章原题为《高超声速导弹对战略和联合作战的颠覆性影响分析》（Analyzing the Potential Disruptive Effects of Hypersonic Missiles on Strategy and Joint Warfighting）。文章分析了高超声速导弹的潜在作战运用和防御高超声速导弹的主要策略，认为兵棋推演是一种识别开发认知和分析框架的经济有效的手段，应被用来探索高超声速武器扩散对国家战略和联合全域作战的影响。</p><p>作者认为，目前高超声速导弹的作战运用及其对战略和军事行动的影响均没有定论，在此情况下，美国防部和国会应接受零假设，即美俄等国广泛部署使用高超声速导弹，不会产生与现有弹道导弹和巡航导弹不同的战略和作战效果。因此，美国不应将高超声速导弹的采购和部署列为高于其他导弹系统的优先事项。文章最后指出，如果兵棋推演表明高超声速导弹确实将产生颠覆性影响，并形成作战优势，该研究结果可帮助美国防部制定有针对性的高超声速导弹发展战略。</p><p>文章全长约13500字，篇幅所限，推送部分为节选。</p><p>高超声速导弹的广泛部署和使用，是否会对战略和军事行动构成颠覆性影响？也就是说，竞争对手使用高超声速导弹，是否会破坏美国全球和区域联合作战的基础假设，是否会破坏对战略稳定和遏制美国重要利益威胁的信心？美国的高超声速导弹是否能削弱俄罗斯和中国的威慑作战概念，从而让美军增强现有作战优势，或获得新的作战优势？</p><p>本文由8部分内容组成。首先，文章描述了大国正在开发的两种高超声速导弹，及其与其他导弹的区别。其次，阐述了主要竞争对手正在发展的和现有的高超声速导弹。第三，概述高超声速导弹对军事行动和防御战略影响的主要争论。第四，探讨了美国、俄罗斯和中国的作战概念和军事理论，这些概念和理论将纳入高超声速导弹相关理论研究。第五，讨论高超声速导弹在未来美俄或美中冲突中可能的几种运用方式。第六，揭示防御高超声速导弹的几个问题。第七，文章指出，对于高超声速导弹是否会对战略和军事行动产生颠覆性影响的研究，处于军事实验前沿的兵棋推演将发挥重大作用。本文为兵棋推演提出了一组候选研究议题，以审视前文提出的部分问题。文章最后称，如果实验结果表明高超声速导弹确实将产生颠覆性影响，并使美军增强对抗俄罗斯和中国的作战优势，则该研究结果将可帮助美国防部制定针对俄罗斯和中国的高超声速导弹发展战略。</p><p class=\"ql-align-center\"><img src=\"https://n.sinaimg.cn/weibo_pub/crawl/114/w550h364/20220314/b2a9-a0709c20b694f8202d7dbe6c14370582.jpg\"></p><p>高超声速导弹在冲突中可能采用的作战模式</p><p>中美俄三方很可能采用不同的高超声速技术，采购不同数量的系统，以不同的方式部署，并以不同方式将其整合到作战计划中。下面讨论高超声速导弹在未来美俄或美中冲突中可能使用的5种方式，并强调不同武器库规模和作战方式可能对作战和战略产生不同影响。</p><p>首先，在导弹袭击前，高超声速导弹可能被用来摧毁特定的导弹防御雷达，以降低防御能力，确保后续导弹击中目标。例如，过去20年，俄罗斯一直在建立多层多领域和双重能力防御体系，以抵御周边军事威胁。在波罗的海国家的假想冲突中，俄罗斯部署了“锆石”高超声速导弹，这可能会增加俄罗斯使用高超声速反舰常规导弹或核导弹打击弹道导弹防御舰艇的可能性，如“阿利·伯克”级驱逐舰，或对抗美国“萨德”导弹防御系统。同样，中国也可以部署DF-17系统来对抗冲绳嘉手纳空军基地的导弹防御系统，为性能较弱的导弹对该基地实施后续打击打开大门。与传统的弹道导弹和巡航导弹相比，当竞争对手武器库中的高超声速导弹数量有限时，则此类先导打击最有可能使用高超声速导弹。</p><p>其次，由于中俄等大国都将美国及其盟国保护陆基和海基资产的导弹防御系统视为其非高超声速进攻性导弹的巨大障碍，他们可能使用高超声速导弹作为小型导弹攻击防御严密的美国资产。大量可供使用的高超声速导弹可能取代传统的弹道导弹和巡航导弹，使竞争对手无需使用饱和战术就能打击关键目标。</p><p>第三，与美参联会副主席海顿对高超声速导弹的作用看法一致，美军可以使用它们打击对时间敏感、可重新定位的目标，如先进防空导弹系统的移动发射装置，或装备大规模杀伤性武器的远程攻击导弹。但正如约翰斯·霍普金斯大学物理学家威尔肯宁所言，美国对俄罗斯等国本土目标的打击可能导致核对抗升级。</p><p>第四，与威尔肯宁对危机稳定性的担忧一致，高超声速导弹将使对手的导弹攻击预警评估与反应时间复杂化和缩短，这意味着中俄等国可能试图先发制人地斩首高级领导人。这是俄罗斯“先锋”高超声速武器的一种潜在用途。即使俄罗斯采用常规弹头“先锋”导弹，美国决策者也可能将入境的高超声速滑翔飞行器（HGV）视为核威胁，并实施报复性核打击。</p><p>但同时需要知道，尽管高超声速导弹可能缩短导弹预警时间，但并不能消除。地球同步轨道上的卫星传感器仍然可以探测到高超声速滑翔飞行器的初始助推阶段，从而为高层领导和关键资产（如预警轰炸机）的分散提供足够时间。更大的风险是，对手将策划高超声速导弹攻击，同时对地球同步轨道上的卫星发动攻击，阻止对手接收关键信息，进一步压缩对手对导弹攻击的预警时间，或使之没有时间预警。</p><p>第五，可能在更遥远的未来，即使美国导弹防御系统很强大，俄罗斯等国也可能使用大量高超声速导弹进行深度常规打击，打击美国的后勤、交通、太空发射、反太空、C3、情报收集等装备设施，或战争支持工业，降低美国维持海外军事行动的能力，并对美国公众和领导层施加心理冲击。对于俄罗斯而言，使用高超声速导弹攻击完全符合其SODCIT概念（“摧毁关键目标的战略行动”），并可能引发美国“预警即发射”的核反应。</p><p>研究人员称，大规模常规高超声速导弹袭击的威胁（数百枚高超声速导弹的量级）将导致核升级。在欧洲等地区冲突中，大规模使用常规高超声速导弹在阻止国家达成其战争目标方面的潜在效能，可能会促使其使用核武器作为最后尝试来扭转战局。这种情况似乎与俄罗斯关于地区常规冲突导致核升级的想法一致。此外，可能取决于导弹防御体系的条件和有效性，大规模、反本土的常规高超声速导弹打击，可能会刺激核大国先发制人实施核打击，对稳定产生颠覆性影响。可以想象，美国与其主要竞争对手的大规模高超声速导弹攻击，与传统弹道导弹、巡航导弹大规模攻击别无二致。下文将讨论，兵棋推演可以帮助描述不同高超声速导弹部署和使用方案的条件，这些方案更有可能刺激军事竞争对手实施先发制人核打击。</p><p class=\"ql-align-center\"><img src=\"https://n.sinaimg.cn/weibo_pub/crawl/464/w550h714/20220314/16d1-08d1b7367711d00fb8e1354bfb4af3aa.jpg\"></p><p>高超声速导弹防御</p><p>美国高超声速导弹的支持者和反对者都做出预计，这种新技术将极大增加导弹防御难度。助推阶段的导弹（包括挂载高超声速滑翔飞行器的导弹）比其他飞行阶段更易被发现与跟踪。但助推阶段拦截需要防御者的传感器和拦截弹发射装置位于攻击发射点附近。目前，由于地理位置和反介入/区域拒止威胁现状，美国无法在地面实施拦截。因此，为保护前沿部署的美军基地免遭导弹攻击，美军主要依靠在导弹飞行的中段（助推器耗尽和末段开始之间的阶段）和末段使用动能武器拦截，即命中拦截。即使美国本土的导弹防御系统也依赖中段动能拦截，该系统是为朝鲜和伊朗的有限洲际弹道导弹攻击而设计的。</p><p>规避机动是进攻性导弹最有效的突防手段。如果设计合理，规避机动可使整个防御系统失效，即使防御系统各分系统处于最佳工作状态也无济于事。</p><p>高速机动运载系统（例如机动再入飞行器和高超声速导弹）可能会对动能导弹防御系统造成严重破坏。首先，在某些情况下，防御拦截弹可能在目标飞行器机动前发射。如果机动性足够，目标飞行器可以完全在拦截弹的拦截包线以外机动。其次，如果拦截是在目标飞行器机动时进行，拦截弹的机动能力必须强于目标飞行器。</p><p>由于主动防御高超声速导弹的技术挑战，高超声速导弹扩散可能会使美国重新考虑其关于敌方准备使用高超声速导弹实施进攻的声明政策，特别是能够打击美国本土的远程高超声速导弹。例如，为了阻止攻击，美国可以宣布，如果探测到这种装备，美军将先发制人，阻止高超声速导弹发射。但这种做法的风险之一是：美国对敌方活动的情报误判，成为第一个使用高超声速导弹对核敌对国发动战争的国家，进而打开敌对国对美国本土报复的大门。</p><p>美国可以不修改其政策，而是寻求针对高超声速导弹的潜在技术对策，但这些对策并非没有缺点。导弹防御的一种选择是定向能武器。为使定向能武器成功攻击高超声速导弹，防御方需要将尽可能多的能量聚焦于目标之上，且持续时间尽可能长。显而易见，这意味定向能武器必须尽可能远离被防御资产，从而将交战窗口最大化。相比飞机或低空飞行的亚声速巡航导弹，由于高超声速导弹表面可承受极高温度，因此使用定向能武器攻击高超声速导弹可能需要更多时间。此外，大气条件可能会降低定向能武器的杀伤力，这进一步压缩了潜在交战窗口。</p><p>电子战防御可能成为主动防御的长期解决方案。防御者需要知道在目标飞行器的末段制导系统的频率，或弹药、引信和射击系统使用的频率。但与定向能武器一样，电子战也需要足够时间来降低目标飞行器的性能。</p><p>最后，携带核弹头的拦截系统可能是击败高超声速导弹的最有效手段。具体而言，定制核武器、低当量核武器的冲击波或辐射输出，可能产生超过常规武器的杀伤半径。若拦截弹没有直接命中目标，则更大的杀伤半径可增加瘫痪来袭导弹的概率。这是20世纪50-70年代美国部署核弹头防空和导弹防御系统的基本概念。但针对高超声速运载系统，美国防部是否考虑使用定制核武器，而不考虑使用非核拦截技术，对于这一情况，并无任何报道。美国防部对此事三缄其口，亦或是认为研究核弹头拦截器会带来负面政治影响。诚然，敌方可能会以多种方式对美国部署核弹头拦截系统做出反应，以降低其有效性，而美方拦截系统的设计工作将不得不弥补此类对抗措施造成的缺陷。</p><p><br></p><p>高超声速导弹的扩散可能迫使美国重新考虑在太空和陆地部署导弹防御拦截系统及传感装置。高超声速导弹威胁已促使美国开始投资其导弹防御能力的天基组件，针对高超声速滑翔器和其他高超声速导弹的助推、中段和末段。美太空发展署（SDA）提出了《国防太空架构》（NDSA），该架构由几个不同层的卫星星座组成，以完成不同的任务集。考虑到高超声速导弹防御系统，将该架构分为两层：跟踪层和传输层。跟踪层将“提供全球指示、告警、跟踪和先进导弹威胁瞄准，包括高超声速导弹系统”。传输层将跟踪层连接到基于地面的拦截系统网络。美导弹防御局（MDA）和美太空军正在与太空发展署合作开发高超声速和弹道跟踪空间传感器，用于扩展跟踪层。随着《国防太空架构》的发展完善，美导弹防御局与DARPA正在研究探索新型拦截弹，这些技术手段的动力学性能将超过高超声速导弹飞行末段的性能，进而成功实施拦截。</p><p>美国加强对高超声速导弹的防御，这暗示了战争推演的两个方面。首先，截至2021年，美国计划的高超声速导弹防御重点集中在前沿部署的美军和基地的区域威胁，但中俄一直怀疑，美国导弹防御技术前进的最终目标是构建全球导弹防御体系，以消除中国或俄罗斯对美国的二次核打击。因此，美国的导弹防御是不稳定的来源，可能会引起先发制人核打击。</p><p><strong>免责声明：以上内容为网友在新浪军事争鸣栏目上传并发布，仅代表发帖网友观点，并不代表本网赞同其观点和对其真实性负责。</strong></p>', 3, 19, '作者1', '2022-4-0516:19:38');
INSERT INTO `news` VALUES (95, '英国女王最不愿面对的一张照片 二战前英国从上到下都曾如此狂热', 'http://127.0.0.1:3000/1649146824859_军事3.jpg', '<p>作者：毅品文团队凯风</p><p class=\"ql-align-center\"><img src=\"https://n.sinaimg.cn/weibo_pub/crawl/169/w550h419/20220314/35b7-812ce4a66035bf3435db06ab979b3881.jpg\"></p><p>[垂垂老矣的英国女王，最近几年开始“割舍”一切与幼年、父母的亲情记忆的纽带，父母作为生日礼物赠送给她陪伴她成长而得以一代代繁衍至今的小狗、小马，都提前断了“世系”。这种令人倍觉伤感的诀别，分外使英国国民留恋缅怀即将谢幕的伊利莎白时代，这种悲惋而深情的做法为王室增添无限凝聚力]</p><p class=\"ql-align-center\"><img src=\"https://n.sinaimg.cn/weibo_pub/crawl/109/w474h435/20220314/0a7e-8c8083c80b097a9d20a4c6e9cc2285eb.jpg\"></p><p>[女王最不希望世人看到的照片也许就有这张，年幼无知的女童伊利莎白和妹妹，学着当时英国最流行的一种“主义”敬礼。当然，世人并不会指责两个小娃娃什么，毕竟那个时代，世界上许多国家都曾经对这个主义寄予希望]</p><p>第一次世界大战，让西方列强在世界人民面前露出纸老虎的真面目，广大殖民地人民看到这些昔日不可一世的“欧洲老爷”原来如此不堪，亚非拉纷纷涌现出独立分离运动。昔日的大英帝国更是风雨飘摇，日不落帝国面临前所未有的动摇。</p><p>这让英国人倍感失落，想要寻找新的对策应对这种颓势。这个时候，意大利以及稍后德国爆发的法西斯运动浪潮，对英国人产生了巨大的诱惑力！</p><p>意大利与德国在一战中的遭遇与大英相似甚至更甚。然而蓬勃兴起的民族主义法西斯主义等运动，起到凝聚国民意志，“万众一心”抵御抵抗外国强加不公平待遇与盘剥的有力武器，也让那些希望重振旗鼓的国家看到希望与榜样。</p><p class=\"ql-align-center\"><img src=\"https://n.sinaimg.cn/weibo_pub/crawl/36/w550h286/20220314/2e5b-4d6d8088edafaacbe451204444c08e5d.jpg\"></p><p>[如果不做那种“马后炮”式的“大明白”。现代读者应该试着理解上世纪一战后世界充满不公、困惑、动荡、革命的岁月里，人们所进行的各种探索和努力，法西斯曾经长期给包括中国在内的许多深受压迫欺凌、渴望团结强大的国家民族以希望和效仿。]</p><p class=\"ql-align-center\"><img src=\"https://n.sinaimg.cn/weibo_pub/crawl/190/w550h440/20220314/ff09-e58af05daec23fd6cb109008f1b7709b.jpg\"></p><p class=\"ql-align-center\"><img src=\"https://n.sinaimg.cn/weibo_pub/crawl/59/w550h309/20220314/85ee-191e60e6a7d8f5e98c66b836d386df7f.jpg\"></p><p class=\"ql-align-center\"><img src=\"https://n.sinaimg.cn/weibo_pub/crawl/145/w550h395/20220314/443f-e75dce1aec12947b40336a046bb4fda1.jpg\"></p><p class=\"ql-align-center\"><img src=\"https://n.sinaimg.cn/weibo_pub/crawl/711/w474h237/20220314/5bf5-e2fb2f0b039866be3f55056a058c4a49.jpg\"></p><p>[急于重振国威的英国民众也在一个时期给与法西斯极高的期待]</p><p class=\"ql-align-center\"><img src=\"https://n.sinaimg.cn/weibo_pub/crawl/161/w550h411/20220314/0745-0b75cf5597bd32013746e56d8f95961d.jpg\"></p><p>1923年5月6日，英国成立了第一个法西斯团体“不列颠法西斯蒂”，这个法西斯组织是由英国前陆军元帅的孙女卢托·琳图恩·奥尔曼创建的。不过将英国法西斯“事业”做大做强的则是一个名叫奥斯瓦尔德·莫斯利的男爵。</p><p class=\"ql-align-center\"><img src=\"https://n.sinaimg.cn/weibo_pub/crawl/163/w550h413/20220314/d40c-10a8baf2b5301f2330dd27a8c4c40bf8.jpg\"></p><p>莫斯利曾经前往意大利取经，受到墨索里尼的面授机宜。意大利如火如荼的黑衫党运动，让寻找“团结与力量”的莫斯利大受鼓舞。成为一个坚定的法西斯主义者。</p><p>从意大利回国后，莫斯利针对英国民主政党制度，提出与另一个激进的新党合作，成立“法西斯联盟”。这就是英国近现代历史上最反动的“英国法西斯联盟”。</p><p>英国法西斯效法意大利黑衫党，成员清一色的穿戴黑色制服，莫斯利声称这是矢志热爱国家和服务国家的寓意，是坚定的勇气和信仰的象征。英国法西斯也采用意大利和纳粹德国那种举手礼。莫斯利辩称这是古老的欧洲传统礼仪，英国历史上曾经使用。并非意大利德国专利。</p><p class=\"ql-align-center\"><img src=\"https://n.sinaimg.cn/weibo_pub/crawl/294/w482h612/20220314/588a-3758a5c80123e9830ebba7d623a9f265.jpg\"></p><p>和最初的意大利德国一样，英国人民似乎也看到法西斯是能够带领一蹶不振的大英帝国重振雄风的希望。英国法西斯运动最初在英国开展的非常迅猛，高潮时期英国建立了600多个支部。英国社会上对法西斯信仰怀有好感和向往的人们非常多，就连英国王室也深受传染，于是就流传下来一张也行是当今英国女王最不希望让世人看到的英国王室照片，幼年的女王和妹妹竟然对着镜头欢欣雀跃的行着标准的法西斯举手礼！</p><p class=\"ql-align-center\"><img src=\"https://n.sinaimg.cn/weibo_pub/crawl/59/w550h309/20220314/558e-2ef60388065ef71abb7caab560115a77.jpg\"></p><p><br></p><p>英国法西斯当初并不反对犹太人，但随着国际法西斯运动形势发展，英国也开始走向反犹，这是具有悠久民主传统的英国社会所难以容忍的。</p><p>随着意大利与纳粹德国反人类的本质越来越大白天下，法西斯主义与英国一贯政策的不可协调性也越来越突出。英国法西斯运动在英国也走到尽头，1940年7月英国法西斯联盟被取缔。</p><p><strong>免责声明：以上内容为网友在新浪军事争鸣栏目上传并发布，仅代表发帖网友观点，并不代表本网赞同其观点和对其真实性负责。</strong></p>', 3, 19, '作者1', '2022-4-0516:20:29');
INSERT INTO `news` VALUES (96, '习近平会见欧洲理事会主席米歇尔和欧盟委员会主席冯德莱恩', 'http://127.0.0.1:3000/1649147024562_时政1.jpg', '<p><img src=\"http://paper.people.com.cn/rmrb/images/2022-04/02/01/rmrb2022040201p12_b.jpg\"></p><p>4月1日晚，国家主席习近平在北京以视频方式会见欧洲理事会主席米歇尔和欧盟委员会主席冯德莱恩。</p><p> 新华社记者 黄敬文摄</p><p><img src=\"http://paper.people.com.cn/rmrb/images/2022-04/02/01/rmrb2022040201p11_b.jpg\">	</p><p>4月1日晚，国家主席习近平在北京以视频方式会见欧洲理事会主席米歇尔和欧盟委员会主席冯德莱恩。</p><p> 新华社记者 殷博古摄</p><p>	新华社北京4月1日电&nbsp;&nbsp;国家主席习近平4月1日晚在北京以视频方式会见欧洲理事会主席米歇尔和欧盟委员会主席冯德莱恩。</p><p>	习近平指出，8年前，我提出中国愿同欧洲一道打造中欧和平、增长、改革、文明四大伙伴关系，中方的这一愿景至今未改变，当前形势下更有现实意义。中欧有着广泛共同利益和深厚合作基础，中方对欧政策保持稳定连贯，希望欧方形成自主的对华认知，奉行自主的对华政策，同中方一道，推动中欧关系行稳致远，为动荡的世界局势提供一些稳定因素。</p><p>	习近平强调，中欧要做维护世界和平的两大力量，以中欧关系的稳定性应对国际形势的不确定性。要带头维护以联合国为核心的国际体系、以国际法为基础的国际秩序、以联合国宪章宗旨和原则为基础的国际关系基本准则，共同抵制阵营对抗思维复活、反对制造“新冷战”，维护世界和平和稳定。</p><p>	习近平指出，中欧要做促进共同发展的两大市场，以中欧开放合作推进经济全球化深入发展。中国将坚定不移深化改革、扩大开放，欢迎欧洲企业来华投资兴业，希望欧方为中国企业赴欧投资发展提供公平、透明、非歧视性的环境。双方要加强发展战略对接，探索中国新发展理念、新发展格局同欧盟“开放性战略自主”经贸政策的契合点。</p><p>	习近平强调，中欧要做推动人类进步的两大文明，以中欧团结协作应对全球性挑战。要践行真正的多边主义，倡导以共商共建共享为原则的全球治理观，继续引领全球应对气候变化和生物多样性合作，携手战胜新冠肺炎疫情。欢迎欧方支持和参与全球发展倡议。</p><p>	米歇尔和冯德莱恩表示，中国是世界上的重要一极力量，欧方高度重视中国的国际地位和作用，重视发展对华关系。长期以来欧中关系都是互利共赢的，双方都致力于捍卫和平，维护多边主义。当前国际形势下，欧中加强对话合作非常重要。欧方重申坚持一个中国原则，期待同中方坦诚交流，延续欧中关系良好发展势头，愿同中方持续深化经贸、投资、能源、绿色发展等各领域合作，共同应对新冠肺炎疫情、气候变化、生物多样性保护等全球性挑战，为促进世界和平、经济增长和共同繁荣作出努力。欧方愿为中方成功举办《生物多样性公约》缔约方大会第十五次会议第二阶段会议提供支持合作。</p><p>	双方就乌克兰局势交换了意见。欧盟领导人介绍了欧方有关乌克兰危机的看法和主张。</p><p>	习近平强调，中方对乌克兰局势走到今天这一步深感遗憾。中方在乌克兰问题上的立场是一贯的、明确的。中方始终站在和平一边，从事情本身的是非曲直出发，独立自主作出判断，倡导维护国际法和公认的国际关系基本准则，坚持按照联合国宪章宗旨和原则办事，主张共同、综合、合作、可持续的安全观。</p><p>	习近平阐述了对当前形势下解决乌克兰危机的几点意见：</p><p>	一要坚持劝和促谈。中方支持欧方为政治解决乌克兰问题所作努力，一直以自己的方式发挥劝和促谈作用。和谈是避免局势紧张升级的唯一可行途径。国际社会要继续为俄乌谈判进程创造条件和环境，为政治解决开辟空间，不能火上浇油、激化矛盾。</p><p>	二要防止出现更大规模人道主义危机。中方提出关于乌克兰人道主义局势的六点倡议，已向乌方提供多批紧急人道主义援助，向接受大量难民的欧洲国家提供了物资。中方愿同欧方保持沟通，共同预防更大规模人道主义危机。</p><p>	三要构建欧洲和亚欧大陆持久和平。乌克兰危机的根源在于欧洲长期积累的地区安全矛盾，治本之策是照顾有关各方的合理安全关切。时代发展到今天，不能再用冷战思维来构建世界和地区安全框架。中方支持欧洲特别是欧盟发挥主导作用，支持欧俄美及北约开展对话，直面多年来积累的矛盾，找到解决问题的办法，推动构建均衡、有效、可持续的欧洲安全框架。</p><p>	四要防止局部冲突扩大化。乌克兰危机要妥善处置，但不能病急乱投医，不能攻其一点、不及其余，不能把全世界都捆绑到这个问题上，更不能让各国老百姓为此付出沉重代价。越是危急时刻越要保持清醒冷静。现在的世界经济格局是世界各国长期努力形成的构架，是一个有机整体。各方要珍惜这个成果，不能轻易冲击现有世界经济体系，更不能把世界经济政治化、工具化、武器化，引发世界金融、贸易、能源、科技、粮食、产业链供应链等领域严重危机。很多人十分担心，目前这样的局面可能使国际经济合作几十年努力的成果毁于一旦。如果局面继续恶化下去，估计事后恢复可能需要几年、十几年甚至几十年。中欧要致力于管控局势，防止危机外溢，特别是要维护世界经济体制、规则、基础的稳定，增强人们的信心。双方可以就此开展协调和合作。</p><p>	双方领导人认为，此次会见开诚布公、坦诚深入，增进了相互了解，也达成了不少共识，同意继续加强沟通交流，开展协调合作。</p><p>	杨洁篪、何立峰等参加会见。</p><p>		《 人民日报 》（ 2022年04月02日 01 版）</p>', 2, 19, '作者1', '2022-4-0516:23:54');
INSERT INTO `news` VALUES (97, '坚持把解决好“三农”问题作为全党工作重中之重，举全党全社会之力推动乡村振兴', '', '<p>	新华社北京3月31日电 4月1日出版的第7期《求是》杂志将发表中共中央总书记、国家主席、中央军委主席习近平的重要文章《坚持把解决好“三农”问题作为全党工作重中之重，举全党全社会之力推动乡村振兴》。</p><p>	文章强调，巩固拓展脱贫攻坚成果，全面推进乡村振兴，加快农业农村现代化，是需要全党高度重视的一个关系大局的重大问题。全党务必充分认识新发展阶段做好“三农”工作的重要性和紧迫性，坚持把解决好“三农”问题作为全党工作重中之重，举全党全社会之力推动乡村振兴，促进农业高质高效、乡村宜居宜业、农民富裕富足。</p><p>	文章指出，要真抓实干做好新发展阶段“三农”工作。从中华民族伟大复兴战略全局看，民族要复兴，乡村必振兴。只有深刻理解了“三农”问题，才能更好理解我们这个党、这个国家、这个民族。全面建设社会主义现代化国家，实现中华民族伟大复兴，最艰巨最繁重的任务依然在农村，最广泛最深厚的基础依然在农村。从世界百年未有之大变局看，稳住农业基本盘、守好“三农”基础是应变局、开新局的“压舱石”。“三农”向好，全局主动。</p><p>	文章指出，要巩固拓展脱贫攻坚成果。全面推进乡村振兴，这是“三农”工作重心的历史性转移。要做好巩固拓展脱贫攻坚成果同乡村振兴有效衔接。脱贫攻坚目标任务完成后，对摆脱贫困的县，从脱贫之日起设立5年过渡期。过渡期内要保持主要帮扶政策总体稳定。</p><p>	文章指出，要牢牢把住粮食安全主动权。粮食多一点少一点是战术问题，粮食安全是战略问题。粮食生产年年要抓紧，面积、产量不能掉下来，供给、市场不能出问题。耕地是粮食生产的命根子，要严防死守18亿亩耕地红线，采取“长牙齿”的硬措施，落实最严格的耕地保护制度。要坚持农业科技自立自强，加快推进农业关键核心技术攻关。调动农民种粮积极性，关键是让农民种粮有钱挣。地方各级党委和政府要扛起粮食安全的政治责任，粮食安全要实行党政同责。</p><p>	文章指出，要全面推进乡村振兴落地见效。全面实施乡村振兴战略的深度、广度、难度都不亚于脱贫攻坚，必须加强顶层设计，以更有力的举措、汇聚更强大的力量来推进。第一，加快发展乡村产业。第二，加强社会主义精神文明建设。第三，加强农村生态文明建设。第四，深化农村改革。第五，实施乡村建设行动。第六，推动城乡融合发展见实效。第七，加强和改进乡村治理。</p><p>	文章指出，要加强党对“三农”工作的全面领导。各级党委要扛起政治责任，落实农业农村优先发展的方针，以更大力度推动乡村振兴。乡村振兴各项政策，最终要靠农村基层党组织来落实。乡村振兴，关键在人、关键在干。必须建设一支政治过硬、本领过硬、作风过硬的乡村振兴干部队伍。要广泛依靠农民、教育引导农民、组织带动农民，激发广大农民群众积极性、主动性、创造性，投身乡村振兴，建设美好家园。</p><p>		《 人民日报 》（ 2022年04月01日 01 版）</p>', 2, 19, '作者1', '2022-4-0516:24:32');
INSERT INTO `news` VALUES (98, '中共十九届六中全会在京举行', '', '<p><img src=\"http://paper.people.com.cn/rmrb/images/2021-11/12/01/rmrb2021111201p20_b.jpg\"></p><p>中国共产党第十九届中央委员会第六次全体会议，于2021年11月8日至11日在北京举行。中央委员会总书记习近平作重要讲话。</p><p> 新华社记者 鞠 鹏摄</p><p><img src=\"http://paper.people.com.cn/rmrb/images/2021-11/12/01/rmrb2021111201p19_b.jpg\">中国共产党第十九届中央委员会第六次全体会议，于2021年11月8日至11日在北京举行。中央政治局主持会议。</p><p> 新华社记者 燕 雁摄</p><p class=\"ql-align-justify\">党中央号召，全党全军全国各族人民要更加紧密地团结在以习近平同志为核心的党中央周围，全面贯彻习近平新时代中国特色社会主义思想，大力弘扬伟大建党精神，勿忘昨天的苦难辉煌，无愧今天的使命担当，不负明天的伟大梦想，以史为鉴、开创未来，埋头苦干、勇毅前行，为实现第二个百年奋斗目标、实现中华民族伟大复兴的中国梦而不懈奋斗。我们坚信，在过去一百年赢得了伟大胜利和荣光的中国共产党和中国人民，必将在新时代新征程上赢得更加伟大的胜利和荣光</p><p class=\"ql-align-justify\"><br></p><p class=\"ql-align-justify\">新华社北京11月11日电&nbsp;中国共产党第十九届中央委员会第六次全体会议公报</p><p class=\"ql-align-justify\">（2021年11月11日中国共产党第十九届中央委员会第六次全体会议通过）</p><p class=\"ql-align-justify\">中国共产党第十九届中央委员会第六次全体会议，于2021年11月8日至11日在北京举行。</p><p class=\"ql-align-justify\">出席这次全会的有，中央委员197人，候补中央委员151人。中央纪律检查委员会常务委员会委员和有关方面负责同志列席会议。党的十九大代表中部分基层同志和专家学者也列席会议。</p><p class=\"ql-align-justify\">全会由中央政治局主持。中央委员会总书记习近平作了重要讲话。</p><p class=\"ql-align-justify\">全会听取和讨论了习近平受中央政治局委托作的工作报告，审议通过了《中共中央关于党的百年奋斗重大成就和历史经验的决议》，审议通过了《关于召开党的第二十次全国代表大会的决议》。习近平就《中共中央关于党的百年奋斗重大成就和历史经验的决议（讨论稿）》向全会作了说明。</p><p class=\"ql-align-justify\">全会充分肯定党的十九届五中全会以来中央政治局的工作。一致认为，一年来，世界百年未有之大变局和新冠肺炎疫情全球大流行交织影响，外部环境更趋复杂严峻，国内新冠肺炎疫情防控和经济社会发展各项任务极为繁重艰巨。中央政治局高举中国特色社会主义伟大旗帜，坚持以马克思列宁主义、毛泽东思想、邓小平理论、“三个代表”重要思想、科学发展观、习近平新时代中国特色社会主义思想为指导，全面贯彻党的十九大和十九届二中、三中、四中、五中全会精神，统筹国内国际两个大局，统筹疫情防控和经济社会发展，统筹发展和安全，坚持稳中求进工作总基调，全面贯彻新发展理念，加快构建新发展格局，经济保持较好发展态势，科技自立自强积极推进，改革开放不断深化，脱贫攻坚战如期打赢，民生保障有效改善，社会大局保持稳定，国防和军队现代化扎实推进，中国特色大国外交全面推进，党史学习教育扎实有效，战胜多种严重自然灾害，党和国家各项事业取得了新的重大成就。成功举办庆祝中国共产党成立100周年系列活动，中共中央总书记习近平发表重要讲话，正式宣布全面建成小康社会，激励全党全国各族人民意气风发踏上向第二个百年奋斗目标进军的新征程。</p><p class=\"ql-align-justify\">全会认为，总结党的百年奋斗重大成就和历史经验，是在建党百年历史条件下开启全面建设社会主义现代化国家新征程、在新时代坚持和发展中国特色社会主义的需要；是增强政治意识、大局意识、核心意识、看齐意识，坚定道路自信、理论自信、制度自信、文化自信，做到坚决维护习近平同志党中央的核心、全党的核心地位，坚决维护党中央权威和集中统一领导，确保全党步调一致向前进的需要；是推进党的自我革命、提高全党斗争本领和应对风险挑战能力、永葆党的生机活力、团结带领全国各族人民为实现中华民族伟大复兴的中国梦而继续奋斗的需要。全党要坚持唯物史观和正确党史观，从党的百年奋斗中看清楚过去我们为什么能够成功、弄明白未来我们怎样才能继续成功，从而更加坚定、更加自觉地践行初心使命，在新时代更好坚持和发展中国特色社会主义。</p><p class=\"ql-align-justify\">全会提出，中国共产党自一九二一年成立以来，始终把为中国人民谋幸福、为中华民族谋复兴作为自己的初心使命，始终坚持共产主义理想和社会主义信念，团结带领全国各族人民为争取民族独立、人民解放和实现国家富强、人民幸福而不懈奋斗，已经走过一百年光辉历程。党和人民百年奋斗，书写了中华民族几千年历史上最恢宏的史诗。</p><p class=\"ql-align-justify\">全会提出，新民主主义革命时期，党面临的主要任务是，反对帝国主义、封建主义、官僚资本主义，争取民族独立、人民解放，为实现中华民族伟大复兴创造根本社会条件。在革命斗争中，以毛泽东同志为主要代表的中国共产党人，把马克思列宁主义基本原理同中国具体实际相结合，对经过艰苦探索、付出巨大牺牲积累的一系列独创性经验作了理论概括，开辟了农村包围城市、武装夺取政权的正确革命道路，创立了毛泽东思想，为夺取新民主主义革命胜利指明了正确方向。党领导人民浴血奋战、百折不挠，创造了新民主主义革命的伟大成就，成立中华人民共和国，实现民族独立、人民解放，彻底结束了旧中国半殖民地半封建社会的历史，彻底结束了极少数剥削者统治广大劳动人民的历史，彻底结束了旧中国一盘散沙的局面，彻底废除了列强强加给中国的不平等条约和帝国主义在中国的一切特权，实现了中国从几千年封建专制政治向人民民主的伟大飞跃，也极大改变了世界政治格局，鼓舞了全世界被压迫民族和被压迫人民争取解放的斗争。中国共产党和中国人民以英勇顽强的奋斗向世界庄严宣告，中国人民从此站起来了，中华民族任人宰割、饱受欺凌的时代一去不复返了，中国发展从此开启了新纪元。</p><p class=\"ql-align-justify\">全会提出，社会主义革命和建设时期，党面临的主要任务是，实现从新民主主义到社会主义的转变，进行社会主义革命，推进社会主义建设，为实现中华民族伟大复兴奠定根本政治前提和制度基础。在这个时期，以毛泽东同志为主要代表的中国共产党人提出关于社会主义建设的一系列重要思想。毛泽东思想是马克思列宁主义在中国的创造性运用和发展，是被实践证明了的关于中国革命和建设的正确的理论原则和经验总结，是马克思主义中国化的第一次历史性飞跃。党领导人民自力更生、发愤图强，创造了社会主义革命和建设的伟大成就，实现了中华民族有史以来最为广泛而深刻的社会变革，实现了一穷二白、人口众多的东方大国大步迈进社会主义社会的伟大飞跃。我国建立起独立的比较完整的工业体系和国民经济体系，农业生产条件显著改变，教育、科学、文化、卫生、体育事业有很大发展，人民解放军得到壮大和提高，彻底结束了旧中国的屈辱外交。中国共产党和中国人民以英勇顽强的奋斗向世界庄严宣告，中国人民不但善于破坏一个旧世界、也善于建设一个新世界，只有社会主义才能救中国，只有社会主义才能发展中国。</p><p class=\"ql-align-justify\">全会提出，改革开放和社会主义现代化建设新时期，党面临的主要任务是，继续探索中国建设社会主义的正确道路，解放和发展社会生产力，使人民摆脱贫困、尽快富裕起来，为实现中华民族伟大复兴提供充满新的活力的体制保证和快速发展的物质条件。党的十一届三中全会以后，以邓小平同志为主要代表的中国共产党人，团结带领全党全国各族人民，深刻总结新中国成立以来正反两方面经验，围绕什么是社会主义、怎样建设社会主义这一根本问题，借鉴世界社会主义历史经验，创立了邓小平理论，解放思想，实事求是，作出把党和国家工作中心转移到经济建设上来、实行改革开放的历史性决策，深刻揭示社会主义本质，确立社会主义初级阶段基本路线，明确提出走自己的路、建设中国特色社会主义，科学回答了建设中国特色社会主义的一系列基本问题，制定了到二十一世纪中叶分三步走、基本实现社会主义现代化的发展战略，成功开创了中国特色社会主义。</p><p class=\"ql-align-justify\">全会提出，党的十三届四中全会以后，以江泽民同志为主要代表的中国共产党人，团结带领全党全国各族人民，坚持党的基本理论、基本路线，加深了对什么是社会主义、怎样建设社会主义和建设什么样的党、怎样建设党的认识，形成了“三个代表”重要思想，在国内外形势十分复杂、世界社会主义出现严重曲折的严峻考验面前捍卫了中国特色社会主义，确立了社会主义市场经济体制的改革目标和基本框架，确立了社会主义初级阶段公有制为主体、多种所有制经济共同发展的基本经济制度和按劳分配为主体、多种分配方式并存的分配制度，开创全面改革开放新局面，推进党的建设新的伟大工程，成功把中国特色社会主义推向二十一世纪。</p><p class=\"ql-align-justify\">全会提出，党的十六大以后，以胡锦涛同志为主要代表的中国共产党人，团结带领全党全国各族人民，在全面建设小康社会进程中推进实践创新、理论创新、制度创新，深刻认识和回答了新形势下实现什么样的发展、怎样发展等重大问题，形成了科学发展观，抓住重要战略机遇期，聚精会神搞建设，一心一意谋发展，强调坚持以人为本、全面协调可持续发展，着力保障和改善民生，促进社会公平正义，推进党的执政能力建设和先进性建设，成功在新形势下坚持和发展了中国特色社会主义。</p><p class=\"ql-align-justify\">全会强调，在这个时期，党从新的实践和时代特征出发坚持和发展马克思主义，科学回答了建设中国特色社会主义的发展道路、发展阶段、根本任务、发展动力、发展战略、政治保证、祖国统一、外交和国际战略、领导力量和依靠力量等一系列基本问题，形成中国特色社会主义理论体系，实现了马克思主义中国化新的飞跃。党领导人民解放思想、锐意进取，创造了改革开放和社会主义现代化建设的伟大成就，我国实现了从高度集中的计划经济体制到充满活力的社会主义市场经济体制、从封闭半封闭到全方位开放的历史性转变，实现了从生产力相对落后的状况到经济总量跃居世界第二的历史性突破，实现了人民生活从温饱不足到总体小康、奔向全面小康的历史性跨越，推进了中华民族从站起来到富起来的伟大飞跃。中国共产党和中国人民以英勇顽强的奋斗向世界庄严宣告，改革开放是决定当代中国前途命运的关键一招，中国特色社会主义道路是指引中国发展繁荣的正确道路，中国大踏步赶上了时代。</p><p class=\"ql-align-justify\">全会提出，党的十八大以来，中国特色社会主义进入新时代。党面临的主要任务是，实现第一个百年奋斗目标，开启实现第二个百年奋斗目标新征程，朝着实现中华民族伟大复兴的宏伟目标继续前进。党领导人民自信自强、守正创新，创造了新时代中国特色社会主义的伟大成就。</p><p class=\"ql-align-justify\">全会强调，以习近平同志为主要代表的中国共产党人，坚持把马克思主义基本原理同中国具体实际相结合、同中华优秀传统文化相结合，坚持毛泽东思想、邓小平理论、“三个代表”重要思想、科学发展观，深刻总结并充分运用党成立以来的历史经验，从新的实际出发，创立了习近平新时代中国特色社会主义思想。习近平同志对关系新时代党和国家事业发展的一系列重大理论和实践问题进行了深邃思考和科学判断，就新时代坚持和发展什么样的中国特色社会主义、怎样坚持和发展中国特色社会主义，建设什么样的社会主义现代化强国、怎样建设社会主义现代化强国，建设什么样的长期执政的马克思主义政党、怎样建设长期执政的马克思主义政党等重大时代课题，提出一系列原创性的治国理政新理念新思想新战略，是习近平新时代中国特色社会主义思想的主要创立者。习近平新时代中国特色社会主义思想是当代中国马克思主义、二十一世纪马克思主义，是中华文化和中国精神的时代精华，实现了马克思主义中国化新的飞跃。党确立习近平同志党中央的核心、全党的核心地位，确立习近平新时代中国特色社会主义思想的指导地位，反映了全党全军全国各族人民共同心愿，对新时代党和国家事业发展、对推进中华民族伟大复兴历史进程具有决定性意义。</p><p class=\"ql-align-justify\">全会指出，以习近平同志为核心的党中央，以伟大的历史主动精神、巨大的政治勇气、强烈的责任担当，统筹国内国际两个大局，贯彻党的基本理论、基本路线、基本方略，统揽伟大斗争、伟大工程、伟大事业、伟大梦想，坚持稳中求进工作总基调，出台一系列重大方针政策，推出一系列重大举措，推进一系列重大工作，战胜一系列重大风险挑战，解决了许多长期想解决而没有解决的难题，办成了许多过去想办而没有办成的大事，推动党和国家事业取得历史性成就、发生历史性变革。</p><p class=\"ql-align-justify\">全会强调，党的十八大以来，在坚持党的全面领导上，党中央权威和集中统一领导得到有力保证，党的领导制度体系不断完善，党的领导方式更加科学，全党思想上更加统一、政治上更加团结、行动上更加一致，党的政治领导力、思想引领力、群众组织力、社会号召力显著增强。在全面从严治党上，党的自我净化、自我完善、自我革新、自我提高能力显著增强，管党治党宽松软状况得到根本扭转，反腐败斗争取得压倒性胜利并全面巩固，党在革命性锻造中更加坚强。在经济建设上，我国经济发展平衡性、协调性、可持续性明显增强，国家经济实力、科技实力、综合国力跃上新台阶，我国经济迈上更高质量、更有效率、更加公平、更可持续、更为安全的发展之路。在全面深化改革开放上，党不断推动全面深化改革向广度和深度进军，中国特色社会主义制度更加成熟更加定型，国家治理体系和治理能力现代化水平不断提高，党和国家事业焕发出新的生机活力。在政治建设上，积极发展全过程人民民主，我国社会主义民主政治制度化、规范化、程序化全面推进，中国特色社会主义政治制度优越性得到更好发挥，生动活泼、安定团结的政治局面得到巩固和发展。在全面依法治国上，中国特色社会主义法治体系不断健全，法治中国建设迈出坚实步伐，党运用法治方式领导和治理国家的能力显著增强。在文化建设上，我国意识形态领域形势发生全局性、根本性转变，全党全国各族人民文化自信明显增强，全社会凝聚力和向心力极大提升，为新时代开创党和国家事业新局面提供了坚强思想保证和强大精神力量。在社会建设上，人民生活全方位改善，社会治理社会化、法治化、智能化、专业化水平大幅度提升，发展了人民安居乐业、社会安定有序的良好局面，续写了社会长期稳定奇迹。在生态文明建设上，党中央以前所未有的力度抓生态文明建设，美丽中国建设迈出重大步伐，我国生态环境保护发生历史性、转折性、全局性变化。在国防和军队建设上，人民军队实现整体性革命性重塑、重整行装再出发，国防实力和经济实力同步提升，人民军队坚决履行新时代使命任务，以顽强斗争精神和实际行动捍卫了国家主权、安全、发展利益。在维护国家安全上，国家安全得到全面加强，经受住了来自政治、经济、意识形态、自然界等方面的风险挑战考验，为党和国家兴旺发达、长治久安提供了有力保证。在坚持“一国两制”和推进祖国统一上，党中央采取一系列标本兼治的举措，坚定落实“爱国者治港”、“爱国者治澳”，推动香港局势实现由乱到治的重大转折，为推进依法治港治澳、促进“一国两制”实践行稳致远打下了坚实基础；坚持一个中国原则和“九二共识”，坚决反对“台独”分裂行径，坚决反对外部势力干涉，牢牢把握两岸关系主导权和主动权。在外交工作上，中国特色大国外交全面推进，构建人类命运共同体成为引领时代潮流和人类前进方向的鲜明旗帜，我国外交在世界大变局中开创新局、在世界乱局中化危为机，我国国际影响力、感召力、塑造力显著提升。中国共产党和中国人民以英勇顽强的奋斗向世界庄严宣告，中华民族迎来了从站起来、富起来到强起来的伟大飞跃。</p><p class=\"ql-align-justify\">全会指出了中国共产党百年奋斗的历史意义：党的百年奋斗从根本上改变了中国人民的前途命运，中国人民彻底摆脱了被欺负、被压迫、被奴役的命运，成为国家、社会和自己命运的主人，中国人民对美好生活的向往不断变为现实；党的百年奋斗开辟了实现中华民族伟大复兴的正确道路，中国仅用几十年时间就走完发达国家几百年走过的工业化历程，创造了经济快速发展和社会长期稳定两大奇迹；党的百年奋斗展示了马克思主义的强大生命力，马克思主义的科学性和真理性在中国得到充分检验，马克思主义的人民性和实践性在中国得到充分贯彻，马克思主义的开放性和时代性在中国得到充分彰显；党的百年奋斗深刻影响了世界历史进程，党领导人民成功走出中国式现代化道路，创造了人类文明新形态，拓展了发展中国家走向现代化的途径；党的百年奋斗锻造了走在时代前列的中国共产党，形成了以伟大建党精神为源头的精神谱系，保持了党的先进性和纯洁性，党的执政能力和领导水平不断提高，中国共产党无愧为伟大光荣正确的党。</p><p class=\"ql-align-justify\">全会提出，一百年来，党领导人民进行伟大奋斗，积累了宝贵的历史经验，这就是：坚持党的领导，坚持人民至上，坚持理论创新，坚持独立自主，坚持中国道路，坚持胸怀天下，坚持开拓创新，坚持敢于斗争，坚持统一战线，坚持自我革命。以上十个方面，是经过长期实践积累的宝贵经验，是党和人民共同创造的精神财富，必须倍加珍惜、长期坚持，并在新时代实践中不断丰富和发展。</p><p class=\"ql-align-justify\">全会提出，不忘初心，方得始终。中国共产党立志于中华民族千秋伟业，百年恰是风华正茂。过去一百年，党向人民、向历史交出了一份优异的答卷。现在，党团结带领中国人民又踏上了实现第二个百年奋斗目标新的赶考之路。全党要牢记中国共产党是什么、要干什么这个根本问题，把握历史发展大势，坚定理想信念，牢记初心使命，始终谦虚谨慎、不骄不躁、艰苦奋斗，不为任何风险所惧，不为任何干扰所惑，决不在根本性问题上出现颠覆性错误，以咬定青山不放松的执着奋力实现既定目标，以行百里者半九十的清醒不懈推进中华民族伟大复兴。</p><p class=\"ql-align-justify\">全会强调，全党必须坚持马克思列宁主义、毛泽东思想、邓小平理论、“三个代表”重要思想、科学发展观，全面贯彻习近平新时代中国特色社会主义思想，用马克思主义的立场、观点、方法观察时代、把握时代、引领时代，不断深化对共产党执政规律、社会主义建设规律、人类社会发展规律的认识。必须坚持党的基本理论、基本路线、基本方略，增强“四个意识”，坚定“四个自信”，做到“两个维护”，坚持系统观念，统筹推进“五位一体”总体布局，协调推进“四个全面”战略布局，立足新发展阶段、贯彻新发展理念、构建新发展格局、推动高质量发展，全面深化改革开放，促进共同富裕，推进科技自立自强，发展全过程人民民主，保证人民当家作主，坚持全面依法治国，坚持社会主义核心价值体系，坚持在发展中保障和改善民生，坚持人与自然和谐共生，统筹发展和安全，加快国防和军队现代化，协同推进人民富裕、国家强盛、中国美丽。</p><p class=\"ql-align-justify\">全会强调，全党必须永远保持同人民群众的血肉联系，践行以人民为中心的发展思想，不断实现好、维护好、发展好最广大人民根本利益，团结带领全国各族人民不断为美好生活而奋斗。全党必须铭记生于忧患、死于安乐，常怀远虑、居安思危，继续推进新时代党的建设新的伟大工程，坚持全面从严治党，坚定不移推进党风廉政建设和反腐败斗争，做到难不住、压不垮，推动中国特色社会主义事业航船劈波斩浪、一往无前。</p><p class=\"ql-align-justify\">全会决定，中国共产党第二十次全国代表大会于2022年下半年在北京召开。全会认为，党的二十大是我们党进入全面建设社会主义现代化国家、向第二个百年奋斗目标进军新征程的重要时刻召开的一次十分重要的代表大会，是党和国家政治生活中的一件大事。全党要团结带领全国各族人民攻坚克难、开拓奋进，为全面建设社会主义现代化国家、夺取新时代中国特色社会主义伟大胜利、实现中华民族伟大复兴的中国梦作出新的更大贡献，以优异成绩迎接党的二十大召开。</p><p class=\"ql-align-justify\">党中央号召，全党全军全国各族人民要更加紧密地团结在以习近平同志为核心的党中央周围，全面贯彻习近平新时代中国特色社会主义思想，大力弘扬伟大建党精神，勿忘昨天的苦难辉煌，无愧今天的使命担当，不负明天的伟大梦想，以史为鉴、开创未来，埋头苦干、勇毅前行，为实现第二个百年奋斗目标、实现中华民族伟大复兴的中国梦而不懈奋斗。我们坚信，在过去一百年赢得了伟大胜利和荣光的中国共产党和中国人民，必将在新时代新征程上赢得更加伟大的胜利和荣光！</p><p><br></p><p class=\"ql-align-justify\"> 《 人民日报 》（ 2021年11月12日 01 版）</p><p><br></p>', 2, 19, '作者1', '2022-4-0516:25:58');
INSERT INTO `news` VALUES (99, '中共中央政治局常务委员会召开会议 习近平主持会议', '', '<p>	新华社北京3月31日电 中共中央政治局常务委员会3月31日召开会议，听取“3·21”东航MU5735航空器飞行事故应急处置情况的汇报，就做好下一步工作作出部署。中共中央总书记习近平主持会议并发表重要讲话。</p><p>	会议指出，“3·21”东航MU5735航空器飞行事故发生后，党中央高度重视，习近平总书记立即作出重要指示，强调要立即启动应急机制，全力组织搜救，妥善处置善后，尽快查明原因，做好遇难者家属安抚和服务工作。各有关方面闻令而动、快速响应，组织民航、应急、公安、军队、卫健和广西等各方面力量，按照“统一指挥、分工负责、深入细致、科学有序”总体要求，全面做好有关工作。目前，善后处置、事故调查等工作正在有序进行。</p><p>	会议强调，这次事故导致机上132名人员不幸遇难，我们深感痛心。要坚持人民至上、生命至上，深入细致做好善后处置工作，再接再厉、善始善终。要继续做好遇难者遗骸遗物整理、移交等工作，给逝者以尊严、给家属以慰藉。要加大遇难者家属帮扶救济工作力度，让遇难者家属安心。各有关方面要科学有序开展事故调查，组织各方面专家综合分析飞机数据和各类物料证据，尽快查明事故原因和性质。要平稳有序做好后续信息发布工作，按照及时、准确、公开、透明原则，持续发布信息，积极回应社会关切。</p><p>	会议指出，要坚持统筹发展和安全，发展决不能以牺牲安全为代价，各方面一定要深刻吸取教训、举一反三，进一步健全安全生产责任制，抓好安全生产责任落实，在全国全面开展安全生产专项大检查，全面排查整治风险隐患，最大限度防范遏制各类事故发生，保持社会大局稳定。因责任不落实、措施不到位、排查整治流于形式等导致发生事故的，不仅要追究直接责任人员的责任，对相关领导也要严肃追责问责。</p><p>	会议还研究了其他事项。</p>', 2, 19, '作者1', '2022-4-0516:26:46');
INSERT INTO `news` VALUES (100, '发挥好专项民主监督独特优势 助力长江流域天更蓝、水更清、景更美', '', '<p>	本报北京4月1日电 （记者姜洁）长江生态环境保护民主监督工作座谈会1日在京召开。中共中央政治局常委、全国政协主席汪洋出席会议并讲话。</p><p>	中共中央书记处书记、中央统战部部长尤权主持会议。各民主党派中央负责人万鄂湘、陈晓光、郝明金、蔡达峰、陈竺、万钢、武维华、苏辉和无党派人士代表欧阳昌琼先后发言。</p><p>	汪洋指出，开展长江生态环境保护民主监督，是中共中央交付给各民主党派中央、无党派人士的重要政治任务。一年来，各民主党派中央、无党派人士思想高度重视，统筹资源力量，通过有关地方组织开展定点调研、特邀专家学者开展随机调研、运用视频网络开展远程调研，注重面上分析与点上剖析相结合、公开察看与暗中查访相结合、实时监测与适时回访相结合，掌握了大量一手材料和真实情况，及时向中共中央、对口省市和有关部门反映监督建议，为科学决策、有效施策提供了参考，长江生态环境保护民主监督工作开局良好。</p><p>	汪洋强调，做好专项民主监督工作，要毫不动摇坚持中国共产党领导，学深悟透习近平生态文明思想，认真领会习近平总书记关于推动长江经济带发展的重要论述和中共中央决策部署，确保民主监督沿着正确方向前进。要把握民主监督性质定位，以监督视角、专业水准和严实作风，摸实情、建真言、谋良策，真正体现好参谋、好帮手、好同事的责任担当。要紧扣中共中央关心的重点问题、基层群众反映较多的热点问题、实际工作存在的难点问题确定调研选题，不求“大而全”，但求“小而精”。要从人才界别特色、地方组织力量等实际出发，发挥自身优势开展监督，力求监督监到裉节上、出力出到关键处。要坚持双向发力，把参与民主监督作为服务大局、融入大局、维护大局的政治历练，在建言资政的同时加强思想政治引领、广泛凝聚共识，使民主监督的过程成为自我教育、自我提高的过程。对口省市要提高政治站位，建立健全支持监督、配合监督、落实监督的工作机制。统战部门要担负起牵头协调责任，做好沟通、联系和服务工作。有关部门要加强信息通报、政策辅导，认真研究吸纳党外人士提出的意见建议，提升监督效能。</p><p>	会议以电视电话会议形式召开，有关省份设分会场。全国政协副主席、国家发展改革委主任何立峰，生态环境部主要负责同志，湖北、重庆党委统战部主要负责同志在会上发言。各民主党派中央有关负责人，中央有关部门、有关省区市党委和政府负责同志参加会议。</p><p>		《 人民日报 》（ 2022年04月02日 01 版）</p>', 2, 19, '作者1', '2022-4-0516:27:40');
INSERT INTO `news` VALUES (101, '中小企业网上百日招聘高校毕业生活动即将开启', '', '<p>	本报北京4月1日电 （记者韩鑫）工信部、教育部近日联合印发《关于开展2022年全国中小企业网上百日招聘高校毕业生活动的通知》，从搭建对接平台、加强活动宣传、推动招聘信息库建设、创新对接方式、开展实习培训、强化审核监督等方面提出工作要求，进一步引导和鼓励高校毕业生到中小企业工作，推动中小企业人才结构优化，促进高校毕业生就业。</p><p>	百日招聘活动将分为两个阶段，第一阶段为2022年4月至5月，第二阶段为2022年10月至11月。</p><p>	按照通知，下一步将搭建对接平台。各级中小企业主管部门组织中小企业面向高校毕业生招聘，高校毕业生就业主管部门组织应届高校毕业生求职应聘；中国中小企业信息网、国家24365大学生就业服务平台做好活动组织工作并设立活动专区。</p><p>	通知要求，有条件的中小企业主管部门要组织建立中小企业招聘信息库。各地高校毕业生就业工作部门要认真梳理汇总有就业需求的高校毕业生信息，推动与本地区中小企业招聘信息库对接。结合疫情防控要求，各地中小企业主管部门和高校毕业生就业工作部门可根据当地实际情况，创新开展线上对接、入校招聘、入企体验、直播带岗、特色专场等活动，提高高校毕业生与中小企业对接成功率。同时，通过就业指导、岗前培训、进企实习等形式增进双向了解，使学生更快适应企业岗位需求，提高学生就业率，改善企业用工难问题。</p><p>		《 人民日报 》（ 2022年04月02日 02 版）</p>', 2, 19, '作者1', '2022-4-0516:28:42');
INSERT INTO `news` VALUES (102, '五年内培育一支乡村产业振兴带头人队伍', '', '<p>	本报北京4月1日电 （记者李晓晴）农业农村部和财政部近期联合印发《乡村产业振兴带头人培育“头雁”项目实施方案》，自2022年起每年为每个县培育10名左右“头雁”，用5年时间培育一支乡村产业振兴带头人队伍，带动全国新型农业经营主体形成“雁阵”，夯实乡村产业振兴人才基础。近日，农业农村部组织开展了乡村产业振兴带头人培育项目启动培训。</p><p>	方案强调，培训提高是基础，要对乡村产业振兴带头人开展定制化、体验式、孵化型培育，提高带头人的综合素质，助力他们成长成才；政策扶持是关键，要将带头人的素质能力培育与政策配套支持统筹起来，扶上马、送一程，切实解决他们在发展过程中的困难与问题；示范带动是目标，要发挥带头人的辐射带动和示范引领作用，营造联农带农、兴农富农的良好氛围。</p><p>	各省份农业农村部门要加强与财政、人社等部门的沟通协调，形成工作合力，切实将“严格准入、系统培育、综合支持、示范引领”的培育思路落细落实落小。同时鼓励各省份因地制宜、创造性地开展培育工作，多措并举培养一批具有现代农业发展新理念、掌握团队管理新方法、熟悉农业产业化经营新模式，与现代乡村产业需求相适应、与乡村建设发展相协调，能够引领一方、带动一片的乡村产业振兴带头人。</p><p>		《 人民日报 》（ 2022年04月02日 02 版）</p>', 2, 19, '作者1', '2022-4-0516:29:10');
INSERT INTO `news` VALUES (103, '伟大时代的历史跨越（奋进新征程 建功新时代）', '', '<p>	<strong>开栏的话</strong></p><p>		历史，在奋斗中铭刻；未来，在奋进中开拓。</p><p>		勿忘昨天的苦难辉煌，无愧今天的使命担当，不负明天的伟大梦想。过去一百年，中国共产党向人民、向历史交出了一份优异的答卷。现在，中国共产党团结带领中国人民又踏上了实现第二个百年奋斗目标新的赶考之路。</p><p>		党的十八大以来，中国特色社会主义进入新时代。以习近平同志为核心的党中央，以伟大的历史主动精神、巨大的政治勇气、强烈的责任担当，统筹国内国际两个大局，推动党和国家事业取得历史性成就、发生历史性变革，中华民族伟大复兴进入不可逆转的历史进程。</p><p>		回望过往的奋斗路，眺望前方的奋进路，从今天起，本报推出“奋进新征程&nbsp;建功新时代”专栏，通过广泛深入采访报道，生动展现新时代党的创新理论扎根中国大地、引领时代变革的思想伟力，全面展示新时代的变革性实践、突破性进展、标志性成果，充分反映中国人民踔厉奋发、笃行不怠的精神风貌，自信讲述真实、立体、全面的中国，激励人们意气风发地奋进新征程、建功新时代。</p><p>	时间，标注新时代的方位。实践，刻录新征程的步履。</p><p>	2012年11月15日，十八届中央政治局常委同中外记者见面，习近平总书记庄严宣示——</p><p>	“我们的责任，就是要团结带领全党全国各族人民，接过历史的接力棒，继续为实现中华民族伟大复兴而努力奋斗”“人民对美好生活的向往，就是我们的奋斗目标”。</p><p>	2021年11月8日至11日，党的十九届六中全会在北京举行。习近平总书记深刻指出——</p><p>	“今天，我们比历史上任何时期都更接近、更有信心和能力实现中华民族伟大复兴的目标。在新的起点上，全党必须保持战略定力、锚定战略目标，牢记‘国之大者’，在实现中华民族伟大复兴的历史进程中跑好属于我们这代人的这一棒。”</p><p>	奋进新征程，建功新时代。</p><p>	党的十八大以来，中国特色社会主义进入新时代。以习近平同志为核心的党中央，以伟大的历史主动精神、巨大的政治勇气、强烈的责任担当，统筹国内国际两个大局，贯彻党的基本理论、基本路线、基本方略，统揽伟大斗争、伟大工程、伟大事业、伟大梦想，坚持稳中求进工作总基调，出台一系列重大方针政策，推出一系列重大举措，推进一系列重大工作，战胜一系列重大风险挑战，解决了许多长期想解决而没有解决的难题，办成了许多过去想办而没有办成的大事，推动党和国家事业取得历史性成就、发生历史性变革。</p><p>	这是顺应人民期待、踔厉奋发的新时代新征程。中国经济总量从2012年的54万亿元增长到2021年的逾114万亿元，中华民族完成了彻底摆脱贫困的奇迹一跃，在中华大地上全面建成了小康社会，《诗经》中“民亦劳止，汔可小康”的千古吟唱，在社会主义中国超越梦想、成为现实。</p><p>	这是解答时代课题、勇毅笃行的新时代新征程。成功举办进博会等大型国际经贸盛会，与147个国家、32个国际组织签署共建“一带一路”合作文件，经济发展和疫情防控保持全球领先，承诺以全球最短时间实现从碳达峰到碳中和的跨越……“中国之治”展现出令世界惊叹的能力和效率，树立起人类现代化新的文明标杆。</p><p>	这是屡创历史辉煌、奋楫扬帆的新时代新征程。仰望星空，嫦娥“奔月”、北斗组网、天问“落火”、羲和“探日”，中国人首次进入自己的空间站；俯瞰大地，中国桥、中国路、中国车、中国港、中国网成为亮丽的国家名片……中华民族迎来了从站起来、富起来到强起来的伟大飞跃，实现中华民族伟大复兴进入不可逆转的历史进程。</p><p>	<strong>我国经济实力、科技实力、综合国力跃上新台阶</strong></p><p>	一片钢箔，厚度不到一张A4纸的1/4。“十年磨一剑”，山西太钢成功研发出“手撕钢”，为我国航天、核电、新能源等产业发展一解关键基础材料之“渴”，赢得海内外市场青睐，企业经营持续向好。</p><p>	从“论吨卖”的传统钢到“论克卖”的笔尖钢、“手撕钢”，从产能过剩、盈利艰难到整体好转、水平领先，中国钢铁业实现华丽转身，展现出中国经济高质量发展的十足成色。</p><p>	“要把握新发展阶段、贯彻新发展理念、构建新发展格局、推动高质量发展”，党的十八大以来，以习近平同志为核心的党中央统筹推进“五位一体”总体布局、协调推进“四个全面”战略布局，我国经济发展平衡性、协调性、可持续性明显增强，迈上更高质量、更有效率、更加公平、更可持续、更为安全的发展之路。</p><p>	——跃上新台阶，中国经济实力更强。</p><p>	2021年，我国经济总量超114万亿元，占全球经济比重预计超过18%；人均GDP突破1.2万美元，超过世界人均GDP水平。党的十八大以来，我国经济实力、科技实力、综合国力跃上新台阶，为实现中华民族伟大复兴奠定了更为坚实的物质基础。</p><p>	看速度，GDP增速始终保持合理区间，位居全球主要经济体前列，全部工业和制造业增加值稳居世界首位；</p><p>	看体量，我国已是世界第二大经济体、第一大工业国、第一大货物贸易国、第一大外汇储备国，服务贸易、对外投资、国内消费市场规模世界第二；</p><p>	看贡献，中国经济连续多年对世界经济增长贡献率约30%，成为全球经济重要的稳定器、动力源。</p><p>	——绽放新气象，中国经济活力更旺。</p><p>	全球最长跨海大桥、全球最快智能高铁、全球最大单口径球面射电望远镜，重大工程捷报频传；5G、大数据、移动互联网，智能手机、新能源汽车、工业机器人，云经济、宅经济、数字经济，新技术新产品新业态加速涌现……创新“第一动力”澎湃激荡，中国经济生机勃发，全球创新指数报告中，中国从2013年的第三十五位跃升至2021年的第十二位。</p><p>	创新、协调、绿色、开放、共享，新发展理念的春风吹拂神州，开启了一场关乎发展全局的深刻变革。</p><p>	促进京津冀协同发展、长江经济带发展、粤港澳大湾区建设、长三角一体化发展、黄河流域生态保护和高质量发展，高标准高质量建设雄安新区，东中西和东北“四大板块”优势互补，推进以人为核心的新型城镇化，实施乡村振兴战略，“多声部”共唱“协奏曲”，中国经济动力充沛。</p><p>	2021年全国市场主体突破1.5亿户，较2012年底增长1.8倍，日均新设企业达2.48万户。深入推进“放管服”改革，打造更加市场化、法治化、国际化的营商环境，中国经济活力迸发。</p><p>	通达欧洲23个国家180个城市，累计开行超5万列，“钢铁驼队”中欧班列日夜兼程，成为沿线国家和地区互利共赢的纽带。高质量共建“一带一路”，建设自贸试验区等开放平台，扩大高水平开放，推动构建人类命运共同体，中国经济舞台更广。</p><p>	——锻造新优势，中国经济韧性更足。</p><p>	统筹国内与国际。2021年，我国货物贸易进出口规模接连跨过5万亿美元、6万亿美元台阶，实际使用外资首破万亿元，外贸外资双双创下历史新高，中国经济划出又一道亮眼的上升曲线。</p><p>	统筹发展和安全。粮食产量连续多年站稳1.3万亿斤台阶，能源自主保障能力自“十三五”以来始终保持在80%以上，金融体系运行总体平稳风险总体可控……中国经济夯基固本、防范风险，稳稳守住底线。</p><p>	世界经济艰难复苏，国际市场不确定性增加，新冠肺炎疫情全球蔓延。于危机中育先机、于变局中开新局，中国经济在战胜风险挑战中成长壮大，收获了更加强劲的韧性。</p><p>	完备的产业体系，让我们稳如磐石。国际市场“缺芯”“少柜”，中国制造挺身而出，担负稳链重任。去年，我国集成电路、金属集装箱产量分别增长33.3%、110.6%。今日中国，产业门类齐全、配套能力强大，220多种主要工业品产量常年领先世界。</p><p>	广阔的市场空间，助我们从容应对。2021年业务量突破1000亿件、占全球一半以上，我国快递业保持强劲增长、规模稳居世界首位。宽带网络“村村通”，快递物流“路路畅”，农村电商激活大市场，拥有14亿多人口、4亿多中等收入群体的中国，内需潜力巨大。</p><p>	独特的制度优势，为我们保驾护航。10多天攻坚，武汉火神山雷神山两座医院拔地而起；35天奋战，口罩日产量增长约13.5倍……新冠肺炎疫情考验之下，“中国故事”打动世界，制度优势让中国经济行稳致远更有底气。</p><p>	奋进新征程，建功新时代，我们更加坚信：中国经济韧性强、潜力足、长期向好的基本面没有改变，我国发展仍然处于重要战略机遇期。坚定信心，抓住机遇，中国经济一定能够战胜一切艰难险阻，乘风破浪、勇往直前。</p><p>	<strong>我国社会主义民主政治制度化、规范化、程序化全面推进</strong></p><p>	走进上海长宁区虹桥街道古北市民中心，展墙上的“彩虹桥”绘画引人驻足：桥的这头连着虹桥街道，那头通向最高立法机关。</p><p>	虹桥街道作为全国人大常委会法工委首批基层立法联系点之一，让基层群众的立法建议搭乘上了“直通车”。截至2021年10月，全国人大常委会法工委共设立20多个基层立法联系点，共对120余部法律草案、立法工作计划等提出约7800条意见建议。</p><p>	基层立法联系点的民主实践，正是党的十八大以来全面依法治国的有益探索、全过程人民民主的生动写照。</p><p>	“发展社会主义民主政治就是要体现人民意志、保障人民权益、激发人民创造活力，用制度体系保证人民当家作主。”党的十八大以来，在以习近平同志为核心的党中央坚强领导下，我国社会主义民主政治制度化、规范化、程序化全面推进，中国特色社会主义政治制度优越性得到更好发挥，生动活泼、安定团结的政治局面得到巩固和发展。</p><p>	——人民代表大会制度的根本政治制度作用充分发挥。</p><p>	2020年5月28日，随着民法典在第十三届全国人民代表大会第三次会议上审议通过，中国民事权利保障开启了一个全新时代。</p><p>	制定国歌法，修改国旗法、国徽法，维护宪法确立的国家重要象征和标志的尊严；表决通过香港国安法，确保“一国两制”事业行稳致远；制定反食品浪费法，为治理“舌尖上的浪费”建章立制……从立良法促善治，到增强监督质效，人民代表大会制度不断展现生机和活力，以宪法为核心的中国特色社会主义法律体系不断健全完善，夯实国家长治久安的制度根基。</p><p>	——中国共产党领导的多党合作和政治协商制度效能愈发彰显。</p><p>	“建议把营商环境评价指标体系引入我国地方政府考核”“建议依法严肃查处各类侵害民营企业合法权益的行为”……2021年1月21日，围绕“持续优化营商环境”议题，十三届全国政协第46次双周协商座谈会召开，充满真知灼见的观点碰撞中，实现建言资政与凝聚共识的双向发力。</p><p>	自2013年创立以来，全国政协双周协商座谈会已成为人民政协的一个品牌，推动解决了一系列重大问题，展现了中国式协商民主的强大生命力。广大政协委员强化责任担当，拓宽协商议政途径，广纳群言、广谋良策、广聚共识的效果更加明显。</p><p>	——城乡基层民主有序发展，人民知情权、参与权、表达权、监督权得到保障。</p><p>	从城乡社区里的村（居）民议事会、民主恳谈会到党代表、人大代表、政协委员联合进社区，从“小院议事厅”到“板凳民主”，从线下“圆桌会”到线上“议事群”，基层生活中别具特色、深得人心的民主形式竞相涌现。</p><p>	截至2020年底，50.3万个行政村全部建立了村民委员会，11.2万个社区全部建立了居民委员会。通过接地气、聚人气的民主实践，利益得到协调，矛盾有效化解，促进了基层稳定和谐，为中国民主发展不断注入新动力。</p><p>	——民族区域自治制度促进各民族共同团结奋斗、共同繁荣发展。</p><p>	“我们对未来有信心！”坐在火塘边，品着米酒，云南贡山独龙族怒族自治县退休“老县长”高德荣怡然自得。</p><p>	从茅草房、杈杈房到明亮宽敞的安居房，从砍树改地也吃不饱到特色农业助脱贫，从几乎“与世隔绝”到游客络绎不绝，独龙族“一步跨千年”，是“全面实现小康，一个民族都不能少”的鲜明例证。</p><p>	多民族是我国的一大特色，也是我国发展的一大有利因素。如今，中华民族大团结的局面不断巩固，各族人民交往交流交融日益广泛深入，56个民族像石榴籽一样紧紧抱在一起，中华民族共同体意识日益牢固。</p><p>	奋进新征程，建功新时代，我们更加坚信：积极发展全过程人民民主，保证人民当家作主，中国共产党人和中国人民就一定能发挥好中国特色社会主义政治制度优越性，为人类政治文明发展进步贡献智慧和力量。</p><p>	<strong>全党全国各族人民文化自信明显增强，全社会凝聚力和向心力极大提升</strong></p><p>	今年2月4日晚，璀璨的焰火点亮国家体育场夜空，北京正式开启“冬奥时间”。</p><p>	从独具中华韵味的二十四节气倒计时，到展现文明交流交融的“黄河之水”幻化成“冰雪五环”，从寓意开放和共享的“中国门”，到展示文明与成就的“中国窗”……北京冬奥会开幕式，展示世界上首座“双奥之城”的独特魅力，也让世界感受到新时代中国自信、包容、开放的大国气象。</p><p>	“文化兴国运兴，文化强民族强。没有高度的文化自信，没有文化的繁荣兴盛，就没有中华民族伟大复兴。”党的十八大以来，在以习近平同志为核心的党中央坚强领导下，我国意识形态领域形势发生全局性、根本性转变，全党全国各族人民文化自信明显增强，全社会凝聚力和向心力极大提升，为新时代开创党和国家事业新局面提供了坚强思想保证和强大精神力量。</p><p>	——内化于心，外化于行，社会主义核心价值观建设深入推进。</p><p>	“愿以吾辈之青春，守护这盛世之中华。”这是山东首批援鄂医疗队队员张静静抗疫手记中的心语。在新冠肺炎疫情防控阻击战中，时代新人不畏艰险、冲锋在前，用实际行动践行社会主义核心价值观，成为中国精神的生动写照。</p><p>	社会公德、职业道德、家庭美德、个人品德建设持续推进，群众性精神文明创建活动不断深化，新时代文明实践中心建设取得丰硕成果，社会主义核心价值观逐步内化为人们的精神追求、外化为人们的自觉行动。</p><p>	——优质便捷，精彩普惠，公共文化服务水平持续提升。</p><p>	浙江宁波，市民李欢轻点鼠标，线上借书，图书直接邮寄到家；</p><p>	内蒙古锡林郭勒盟，天为幕布，地为舞台，苏尼特右旗乌兰牧骑队员载歌载舞，为牧民送去欢笑……</p><p>	随着我国公共文化服务体系建设深入推进，越来越多人享受到更加优质、便捷、个性化的公共文化服务。2020年底，我国公共图书馆、博物馆、文化馆分别发展到3212个、5788个、3321个，为群众送上越来越丰盛的文化大餐。</p><p>	——规模壮大，效益增长，文化产业健康快速发展。</p><p>	数据展现巨变。2013年春节档，中国电影票房约7.8亿元；2022年春节假期，中国电影票房突破60亿元。与此同时，全国银幕总数也从2013年底的逾1.8万块增长到目前的8万余块，增幅超3倍。</p><p>	一系列优质文化产品赢得良好口碑。《觉醒年代》掀起年轻人追剧热潮，《山海情》“出海”获得众多点赞，《长津湖》刷新中国电影票房纪录，舞蹈诗剧《只此青绿》受到热捧。</p><p>	一批优秀文化企业茁壮成长。2021年，全国规模以上文化及相关产业企业实现营业收入逾11.9万亿元，我国文化产业成绩亮眼。</p><p>	——中华优秀传统文化大力弘扬，文化自信明显增强。</p><p>	2021年，三星堆考古发掘现场直播，瞬间登顶热搜；河南卫视春晚节目《唐宫夜宴》网络刷屏，《端午奇妙游》节目微博相关话题阅读量超30亿……公众对传统文化的热情空前高涨。</p><p>	实施中华优秀传统文化传承发展工程，推动中华优秀传统文化创造性转化、创新性发展，增强全社会文物保护意识，加大文化遗产保护力度……多措并举使文化遗产资源“活”起来，让“博物馆热”“非遗热”热度不减，助力保护、传承、发展优秀传统文化成为社会自觉。</p><p>	奋进新征程，建功新时代，我们更加坚信：以实现中华民族伟大复兴为己任，增强做中国人的志气、骨气、底气，中国共产党人和中国人民就一定能担负起新的文化使命，在实践创造中进行文化创造，在历史进步中实现文化进步。</p><p>	<strong>人民生活全方位改善，续写了社会长期稳定奇迹</strong></p><p>	大凉山深处，彝家新寨炊烟袅袅。</p><p>	“从土窝窝搬到新房子，挪了穷窝，更拔了穷根。”彝族汉子吉好也求学瓦工、开超市，日子过得有滋有味。</p><p>	吉好也求所在的四川凉山彝族自治州，曾是“三区三州”深度贫困地区之一。如今，凉山州所有乡镇和建制村100%通了硬化路，建成乡镇标准中心校667个。</p><p>	“世界上最大的幸福莫过于为人民幸福而奋斗。”党的十八大以来，在以习近平同志为核心的党中央坚强领导下，我国社会建设全面加强，人民生活全方位改善，社会治理社会化、法治化、智能化、专业化水平大幅度提升，发展了人民安居乐业、社会安定有序的良好局面，续写了社会长期稳定奇迹。</p><p>	——精准扶贫，就业优先，带来满满的获得感。</p><p>	干活有劲头，生活有奔头。河南宁陵县城郊乡胡二庄村脱贫户张艳对自己的工作很满意，“家门口有活干，挣钱顾家两不误。”</p><p>	为了让脱贫户生活更上一层楼，胡二庄村购置针织服装设备95台，带动70多人就业，年增加集体收入超百万元。</p><p>	小康不小康，关键看老乡。经过全党全国各族人民共同努力，我国脱贫攻坚战取得全面胜利，历史性地解决了绝对贫困问题，创造了人类减贫史上的奇迹。怀揣美好生活向往，朝着共同富裕目标，脱贫群众脚踏实地、撸起袖子加油干。</p><p>	就业是最大的民生。就业优先战略和积极的就业政策加快落实，推动实现更加充分更高质量的就业，2013年至2021年，我国城镇新增就业始终保持在1100万人以上，就业稳中向好，“饭碗”越端越牢，劳动者人生出彩的机会越来越多。</p><p>	“蛋糕”做得更大，也要切得更好。收入分配制度改革持续推进，城乡居民收入差距不断缩小。2021年全国居民人均可支配收入比2012年实际增长78.1%，城乡居民收入比缩小到2.50，老百姓腰包越来越鼓，人民群众获得感实实在在。</p><p>	——民生改善，短板补齐，充盈美美的幸福感。</p><p>	“新房子有自来水、暖气，上厕所再也不用到户外，多亏棚改好政策。”天津市民朱丽英告别棚户“小黑屋”，搬进了80多平方米的“阳光房”。</p><p>	安居才能乐业。党的十八大以来，我国加快建立多主体供给、多渠道保障、租购并举的住房制度，累计建设各类保障性住房和棚改安置住房近5000万套。</p><p>	“面子”“里子”一起改，老旧小区再升级，2019年至2021年，全国累计新开工改造城镇老旧小区11.4万个，惠及居民2000多万户。地上地下齐发力，城市旧貌换新颜，到2020年，全国城市道路长度达49.3万公里，城市轨道交通建成里程7597.9公里，位居全球前列；供水普及率和燃气普及率分别达到99%和97.9%，基本达到发达国家水平。</p><p>	新冠肺炎疫情汹汹来袭，席卷全球。面对这场百年来全球最严重的传染病大流行，坚持人民至上、生命至上，最大限度保护人民生命安全和身体健康，中国抗疫斗争取得重大战略成果。截至今年1月28日，全国完成疫苗全程接种的人数超12亿。</p><p>	全民健康托起全面小康。伴随着健康中国建设全面推进，我国居民人均预期寿命由2015年的76.3岁提高到2019年的77.3岁。</p><p>	加快建设居家社区机构相协调、医养康养相结合的养老服务体系，让老有所养；积极发展普惠托育服务体系，让幼有所育；推进义务教育均衡发展和城乡一体化，让学有所教……一件件民生小事，成为党和政府牵挂的头等大事，人民生活幸福感持续提升。</p><p>	——保障兜牢，社会安定，构筑稳稳的安全感。</p><p>	“二三十万元的手术费，医保报销后个人就掏一万五。”安徽濉溪县，河涯村村民夏学新康复出院。</p><p>	“底线”的刻度，标注着民生的温度。到2021年底，我国基本养老保险、基本医疗保险分别覆盖10.3亿人、13.6亿人，社会保障网越织越密，百姓日子越来越安稳。</p><p>	国泰民安是人民群众最基本、最普遍的愿望。党的十八大以来，平安中国建设取得重大成就，2020年全国群众安全感指数达到98.4%，我国成为世界上最有安全感的国家之一。</p><p>	奋进新征程，建功新时代，我们更加坚信：践行以人民为中心的发展思想，着力解决发展不平衡不充分问题和人民群众急难愁盼问题，就一定能实现好、维护好、发展好最广大人民根本利益，推动人的全面发展、全体人民共同富裕取得更为明显的实质性进展。</p><p>	<strong>美丽中国建设迈出重大步伐，我国生态环境保护发生历史性、转折性、全局性变化</strong></p><p>	山水如画，鱼跃鸟飞。湖南泸溪县峒河水面上，鱼儿激起一圈圈波纹，巡护员向忠元高兴地吹起口哨。</p><p>	泸溪县被列入长江流域禁捕退捕重点县后，下都村渔民向忠元“转业”当上了禁渔巡护员，“现在鱼更多了，水更清了，我们的日子越来越好，感谢党和国家的好政策。”</p><p>	“共抓大保护、不搞大开发”。长江沿江11省份修复生态、治理污染、协同发力，走出一条生态优先、绿色发展的新路子，长江干流历史性地实现全Ⅱ类及以上水体。</p><p>	“绿水青山就是金山银山”“生态兴则文明兴”“生态文明建设是关系中华民族永续发展的根本大计”。党的十八大以来，以习近平同志为核心的党中央以前所未有的力度抓生态文明建设，开展一系列根本性、开创性、长远性工作，建立健全河湖长制、林长制，推行环境保护“党政同责”和“一岗双责”，全党全国推动绿色发展的自觉性和主动性显著增强，美丽中国建设迈出重大步伐，我国生态环境保护发生历史性、转折性、全局性变化。</p><p>	——大力推进山水林田湖草沙一体化保护和系统治理，生态系统质量和稳定性显著提升。</p><p>	河北塞罕坝林场，林海茫茫。进入新时代，塞罕坝人向土壤贫瘠和岩石裸露的山坡进军，攻坚造林。如今，林场的有林地面积增加到115万亩，成为世界上面积最大的一片人工林。“我们力争到2030年把森林覆盖率提高到86%，让森林生态系统更加健康优质。”林场党委副书记、场长陈智卿干劲十足。</p><p>	人不负青山，青山定不负人。国土绿化行动大规模开展，我国森林覆盖率已达23.04%，森林面积和蓄积量连续多年保持“双增长”。率先在国际上提出和实施生态保护红线制度，初步划定的全国生态保护红线面积不低于陆域国土面积的25%。以国家公园为主体的自然保护地体系加快构建，正式设立三江源等第一批国家公园，建立各类自然保护地近万处。</p><p>	——坚决打好污染防治攻坚战，人民群众的生态环境获得感幸福感安全感持续增强。</p><p>	各地各部门深入实施大气、水、土壤污染防治三大行动计划，打好蓝天、碧水、净土保卫战，开展农村人居环境整治，全面禁止进口“洋垃圾”。中央生态环境保护督察有力开展，查处一批破坏生态环境的重大典型案件、解决一批人民群众反映强烈的突出环境问题。</p><p>	空气更清新，水质更清洁，山川更清丽。生态环境部监测数据显示，2021年，全国地级及以上城市空气质量优良天数比率提升到87.5%，地表水优良水质断面比例提升到84.9%，劣Ⅴ类水质断面比例下降到1.2%。</p><p>	——把碳达峰、碳中和纳入生态文明建设整体布局，扎扎实实打好这场硬仗。</p><p>	引领全球气候变化谈判进程，积极推动《巴黎协定》签署、生效、实施，宣布力争2030年前实现碳达峰、2060年前实现碳中和的目标，建立健全绿色低碳循环发展经济体系，持续推动产业结构和能源结构调整，启动全国碳市场交易，加快构建“双碳”政策体系……负责任的大国担当，赢得国际社会赞誉。</p><p>	降碳减排，扎实推进。截至2020年底，我国单位GDP二氧化碳排放较2005年降低约48.4%，超额完成向国际社会承诺的目标。2021年，我国非化石能源发展迈上新台阶，新能源年发电量首次突破1万亿千瓦时大关，继续保持世界领先优势。</p><p>	奋进新征程，建功新时代，我们更加坚信：坚持人与自然和谐共生，协同推进人民富裕、国家强盛、中国美丽，就一定能更好地满足人民日益增长的优美生态环境需要，走出一条生产发展、生活富裕、生态良好的文明发展道路。</p><p>	※※※&nbsp;&nbsp;※※※</p><p>	时间孕育果实，实践检验真理。</p><p>	党的十八大以来，党和国家事业取得历史性成就、发生历史性变革，最根本的原因在于有习近平总书记作为党中央的核心、全党的核心掌舵领航，在于有习近平新时代中国特色社会主义思想科学指引。</p><p>	党的十九届六中全会通过的《中共中央关于党的百年奋斗重大成就和历史经验的决议》深刻指出：“党确立习近平同志党中央的核心、全党的核心地位，确立习近平新时代中国特色社会主义思想的指导地位，反映了全党全军全国各族人民共同心愿，对新时代党和国家事业发展、对推进中华民族伟大复兴历史进程具有决定性意义。”</p><p>	从历史深处走来，向美好未来奔去。</p><p>	党的十八大以来的伟大成就、深刻变革，彰显了中国特色社会主义的强大生机活力，为实现中华民族伟大复兴提供了更为完善的制度保证、更为坚实的物质基础、更为主动的精神力量。</p><p>	2012年11月29日，国家博物馆《复兴之路》展览上，习近平总书记的坚定话语犹在耳畔：</p><p>	“中华民族的昨天，可以说是‘雄关漫道真如铁’”“中华民族的今天，正可谓‘人间正道是沧桑’”“中华民族的明天，可以说是‘长风破浪会有时’”。</p><p>	2021年11月8日，在党的十九届六中全会上，习近平总书记向全党全军全国各族人民发出号召：</p><p>	“勿忘昨天的苦难辉煌，无愧今天的使命担当，不负明天的伟大梦想”。</p><p>	今年将召开党的二十大，这是党和国家政治生活中的一件大事。</p><p>	2021年底，习近平总书记作出重要指示强调，要聚焦学习贯彻党的十九届六中全会精神，推动全党学深悟透党的创新理论，弘扬伟大建党精神，坚定走好中国道路、实现中华民族伟大复兴的信心和决心，团结带领全国各族人民满怀信心奋进新征程、建功新时代，以实际行动迎接党的二十大胜利召开。</p><p>	让我们更加紧密地团结在以习近平同志为核心的党中央周围，全面贯彻习近平新时代中国特色社会主义思想，深入领会“两个确立”的决定性意义，增强“四个意识”、坚定“四个自信”、做到“两个维护”，以史为鉴、开创未来，埋头苦干、勇毅前行，为实现第二个百年奋斗目标、实现中华民族伟大复兴的中国梦而不懈奋斗。</p><p>	我们坚信，在过去一百年赢得了伟大胜利和荣光的中国共产党和中国人民，必将在新时代新征程上赢得更加伟大的胜利和荣光！</p><p>	（本报记者陆娅楠、刘志强、张璁、郑海鸥、吴秋余、刘毅）</p><p>		《 人民日报 》（ 2022年02月18日 01 版）</p>', 2, 19, '作者1', '2022-4-0516:30:36');
INSERT INTO `news` VALUES (104, '向着伟大复兴，走好关键一程', '', '<p>	<strong>【奋进新征程 建功新时代】</strong></p><p>	<strong>开栏的话</strong></p><p>	<strong>梦想不会自动成真，奋斗才是桥梁；目标不会自动抵达，奔跑才有远方！党的十八大以来，以习近平同志为核心的党中央统揽伟大斗争、伟大工程、伟大事业、伟大梦想，坚持稳中求进工作总基调，出台一系列重大方针政策，推出一系列重大举措，推进一系列重大工作，战胜一系列重大风险挑战，解决了许多长期想解决而没有解决的难题，办成了许多过去想办而没有办成的大事，推动党和国家事业取得历史性成就、发生历史性变革。这是时代的荣耀，也意味着新的使命，必须勇于挑最重的担子，啃最硬的骨头，在奋进新征程、建功新时代的道路上，继续披荆斩棘、勇往直前！</strong></p><p>	<strong>今年，党的二十大将隆重召开。本报今起推出《奋进新征程 建功新时代》系列报道，期盼用我们的笔触与镜头，向您满怀深情展现创新理论的真理力量，满怀自豪书写伟大时代的历史跨越，满怀热忱讴歌伟大人民的团结奋斗，满怀自信讲述伟大中国的精彩故事！</strong></p><p>	这注定是一个不平凡的春天。</p><p>	以立春为起始，一句“一起向未来”的热诚邀约，正在中国搭建的冬奥舞台上变为现实；一场属于全世界的体育盛会，已在“双奥之城”北京华丽绽放。</p><p>	“中国做到了”“书写历史”“传递爱与和平”……国际社会点赞如潮——北京冬奥会让世界看到了一个阳光、富强、开放、充满希望的中国。</p><p>	这是继往开来走进新时代的中国，是在坚强核心引领下不断创造奇迹的中国，是向着伟大梦想万众一心齐奋发的中国！</p><p>	时光回溯到党的十八大后。刚接过领航民族复兴历史重任的习近平总书记思考深邃，话语殷切——</p><p>	“我们的责任，就是要团结带领全党全国各族人民，接过历史的接力棒，继续为实现中华民族伟大复兴而努力奋斗，使中华民族更加坚强有力地自立于世界民族之林，为人类作出新的更大的贡献。”</p><p>	一诺千金，践诺力行！</p><p>	九年多来，以习近平同志为核心的党中央以伟大的历史主动精神、巨大的政治勇气、强烈的责任担当回答中国之问、世界之问、人民之问、时代之问，统筹推进“五位一体”总体布局，协调推进“四个全面”战略布局，推动党和国家事业取得历史性成就、发生历史性变革。</p><p>	在党和人民百年奋斗书写的恢宏史诗中，这是华彩独具的重要篇章；在中华民族伟大复兴历史进程中，这是成就卓著的关键一程。</p><p>	<strong>坚强核心引领，绘就富强新图景</strong></p><p>	党的十八大以来的伟大征程，宛若一曲雄浑激昂的壮歌！</p><p>	这段征程，波澜壮阔——经济总量突破110万亿元，稳居世界第二，占全球经济比重预计超过18%；人均GDP突破8万元，按年均汇率折算为12551美元，逐年接近高收入国家水平……在复杂多变的国内外形势下，中国改革发展的步伐笃定坚毅。</p><p>	上海，洋山深水港桥吊林立、舟车穿梭。这里是长江与东海的交汇处。若将长江比作从中国广袤腹地射出的一支经济长箭，洋山深水港正处在箭头位置，通江达海、货通中外。</p><p>	2018年11月6日，习近平总书记在上海考察时，专门通过视频连线洋山港四期自动化码头，听取介绍，提出期望。</p><p>	如今，这里已成为全球集装箱作业最繁忙港区之一，每年吞吐2000多万个标准集装箱，首尾相连可绕地球3圈多，为世界第一大集装箱港口——上海港增添了发展新动力。</p><p>	以改革谋发展，向创新要动力。</p><p>	“祝融”探火、“羲和”逐日、神舟飞天、“墨子”传信、“蛟龙”探海……在全球科技竞争日趋白热化的当下，中国不断攀登世界科技最高峰。</p><p>	这段征程，书写奇迹——9899万农村贫困人口全部脱贫，832个贫困县全部摘帽，12.8万个贫困村全部出列，区域性整体贫困得到解决，完成了消除绝对贫困的艰巨任务！</p><p>	全面小康，千年梦圆。从摆脱贫困到乡村振兴，从全面建成小康社会到全面建设社会主义现代化国家，以习近平同志为核心的党中央，聚众力、汇众智，啃硬骨头、涉险滩，带领人民书写了一项项人间奇迹。</p><p>	这段征程，震古烁今——从坚决打赢蓝天保卫战，到深入实施水污染防治行动计划；从全面落实土壤污染防治行动计划，到扎实推动农村环境整治……一幅天蓝、地绿、水清的美丽中国画卷徐徐展开。</p><p>	青海三江源，夏季湖光潋滟、水草丰茂，冬季千里冰封、白雪皑皑，散发着大美高原的独特魅力。</p><p>	这里是我国生态环境改良的一个缩影。20世纪末到本世纪初，三江源生态系统因气候变暖、过度放牧等遭到严重破坏。2014年6月，青海制定印发《青海省生态文明制度建设总体方案》；2016年，我国首个国家公园体制试点在三江源地区设立；2021年，三江源正式成为中国第一批国家公园。</p><p>	“环境就是民生，青山就是美丽，蓝天也是幸福。”建设良好的生态环境，就是守护最普遍的公共利益与民生福祉。</p><p>	在应对历史之变、回答时代之问的伟大实践中，习近平新时代中国特色社会主义思想应运而生，并被载入党章，写在百年大党的旗帜上，指引着今日中国立足新发展阶段、贯彻新发展理念、构建新发展格局，推动高质量发展。</p><p>	赶考无止境，奋斗无穷期。2021年3月11日，十三届全国人大四次会议表决通过了关于国民经济和社会发展第十四个五年规划和2035年远景目标纲要的决议。一系列重大工程、重要行动、具体政策新鲜出炉，一幅未来5年和15年中国发展的崭新蓝图赫然呈现。</p><p>	又踏层峰辟新天，更扬云帆立潮头。中华民族伟大复兴的征程，迎来新的出发。</p><p>	<strong>人民情怀为本，激发奋进新风貌</strong></p><p>	天地之大，黎元为先。</p><p>	党的十八大以来，在习近平总书记的重要讲话、指示批示中，“人民”二字出现最多、分量最重。</p><p>	从人民大会堂到田间地头，从一线城市到革命老区，从东南沿海到偏远边疆……无论走到哪里，人民始终是总书记最大的牵挂；“乡亲们是笑还是哭”，始终是他心中的那杆“秤”。</p><p>	隆冬时节，入夜的闽宁镇处处洋溢着年味儿。享受着这红彤彤的日子，福宁村原村党支部书记谢兴昌总会想起那个难忘瞬间——</p><p>	2016年7月，习近平总书记来到宁夏闽宁镇，专程让车绕着镇子转了一圈，仔仔细细看了个遍。总书记动情地说，大家摆脱了过去的贫困日子，我打心眼里感到高兴。</p><p>	2020年年初，新冠肺炎疫情暴发。习近平总书记亲自部署、亲自指挥，坚决把人民生命安全和身体健康放在第一位。2020年3月10日，他专程前往疫情严重的武汉，送去亲切慰问。大到医疗保障，小到餐桌活鱼，都在他的视野和部署之中……</p><p>	春种一粒粟，秋收万颗子。一粒粒“人民至上”的种子，迎着新时代的东风，结成一颗颗丰硕饱满、温暖人心的果实。</p><p>	学好上了——教育领域综合改革不断深化，德智体美劳五育并举，义务教育“双减负”，一项项切实举措，让立德树人更有力度和温度。</p><p>	病好看了——完善居民医保和大病保险制度，统筹城乡医疗救助制度，实施药品集中带量采购，开展医保目录准入谈判……为不少患者解除燃眉之急。</p><p>	保障更多了——统一的城乡居民养老保险制度全面建立，基本养老保险覆盖近10亿人。以社会保险为主体的社会保障体系基本建成，规模居世界首位。</p><p>	文化更丰富了——从三星堆考古让古蜀文明之光再次闪耀，到阔别160年的马首铜像归藏圆明园；从《永乐大典》回归再造，到我国以42项联合国教科文组织非遗名录项目位居世界第一。中华大地上，登得上城楼、望得见古塔、记得住乡愁的文化长卷徐徐展开……</p><p>	不忘初心，方得始终。党的领导坚强有力，我们的事业才会兴旺发达。</p><p>	2021年春节刚过，覆盖全党的党史学习教育拉开大幕。党的十八大以来，党的群众路线教育实践活动、“三严三实”专题教育、“两学一做”学习教育、“不忘初心、牢记使命”主题教育等先后开展，推进党的自我革命，筑牢理想信念的“堤坝”。</p><p>	全面从严治党，时刻不能松懈。一手用红色资源锤炼初心，一手“把权力关进制度的笼子里”，既补精神之“钙”，又猛药去沉疴。</p><p>	从抓“舌尖上的浪费”到抓“车轮上的铺张”，坚决反对形式主义、官僚主义、享乐主义和奢靡之风；坚定不移“打虎”“拍蝇”“猎狐”，坚决清除一切侵蚀党的健康肌体的病毒，确保党不变质、不变色、不变味。</p><p>	经过数千个日夜的拼搏奋进，我们距离实现中华民族伟大复兴的目标越来越近。</p><p>	伟大创造精神、伟大奋斗精神、伟大团结精神、伟大梦想精神，这是中国人民在长期奋斗中培育、继承、发展起来的伟大民族精神，也是实现中国发展和人类文明进步的强大精神动力。</p><p>	“有这样伟大的人民，有这样伟大的民族，有这样的伟大民族精神，是我们的骄傲，是我们坚定中国特色社会主义道路自信、理论自信、制度自信、文化自信的底气，也是我们风雨无阻、高歌行进的根本力量！”在十三届全国人大一次会议上，习近平总书记的话语铿锵有力，激起了14亿人民的奋斗热情。</p><p>	你看，在实验室里，科学家们攻坚克难、夙兴夜寐，为的是实现更多从0到1的突破。</p><p>	你看，在体育赛场，运动健儿把炽烈的家国情怀转化为舍我其谁的冲天豪气，奋力拼搏，竞逐风流，为国家争辉，让梦想绽放。</p><p>	你看，在乡间田野里，不同民族的人们一起劳作、和谐互助，那是我国56个民族手足相亲、守望相助的鲜活缩影。</p><p>	你看，在通往文艺“高峰”的路途中，文艺工作者努力攀登，把文艺创造写进民族复兴的史册上、写在人民奋斗的征程中。</p><p>	你看，庆祝中国共产党成立100周年大会上，“请党放心、强国有我”的青春誓言久久回荡，这是青少年为伟大梦想拼搏的宣言书，是他们对党的庄严承诺……</p><p>	新时代是奋斗者的时代。无数奋斗者的努力拼搏，汇聚成实现中华民族伟大复兴的强大洪流。</p><p>	<strong>坚持命运与共，创造文明新形态</strong></p><p>	“鸟巢”上空，由一朵朵“小雪花”凝聚而成的“大雪花”，拱卫着安然绽放的奥林匹克之火，映照着人类对和平、团结、进步的美好追求。</p><p>	此时的世界，百年变局与世纪疫情交织叠加，不确定不稳定因素明显增多；此刻的中国，在新时代历经砥砺淬炼，成为世界的“稳定之锚”。</p><p>	走出中国式现代化道路、创造了人类文明新形态的新时代中国，为世界贡献着独有的智慧。</p><p>	——“使用的不是战马和长矛，而是驼队和善意；依靠的不是坚船和利炮，而是宝船和友谊。”从历史走向现实，新时代中国是世界和平的建设者。</p><p>	高举和平、发展、合作、共赢旗帜，推动构建不冲突、不对抗、相互尊重、合作共赢的新型大国关系，改写大国必战、国强必霸的西方逻辑；</p><p>	广泛参与裁军、经贸、人权、社会等各领域事务，积极推动朝鲜半岛、伊核、叙利亚、阿富汗等地区热点问题政治解决；</p><p>	作为联合国安理会常任理事国中派出维和人员最多的国家、联合国维和经费的第二大摊款国，被国际社会誉为“维和行动的关键因素和关键力量”……</p><p>	——“大江奔腾向海，总会遇到逆流，但任何逆流都阻挡不了大江东去。”引领经济全球化进程，新时代中国是全球发展的贡献者。</p><p>	被誉为21世纪伟大新故事的“一带一路”，增添各国发展新动能。合作之路、希望之路、繁荣之路，越走越宽广。</p><p>	从在国际货币基金组织中的份额和投票权跃居第三位，到发起成立亚洲基础设施投资银行、金砖国家新开发银行，设立丝路基金，再到人民币正式纳入特别提款权货币篮子……中国从全球金融体系的普通参与者，转变为引领者。</p><p>	加快实施自由贸易区战略，举办中国国际进口博览会，加入区域全面经济伙伴关系协定……推动高水平对外开放，激活了世界经济的一池春水。</p><p>	——“世界命运应该由各国共同掌握，全球事务应该由各国共同商量。”携手构建人类命运共同体，新时代中国是国际秩序的维护者。</p><p>	中国理念全球激荡。有外国观察家称，习近平总书记提出以人类命运共同体为纲领的全球治理体系，展现了他对中国和世界各国关系长远发展的战略思考，给国际格局新秩序的建立带来了新的动力。</p><p>	中国实践立场坚定。中国践行真正的多边主义，维护以联合国为核心的国际体系、以国际法为基础的国际秩序、以联合国宪章宗旨和原则为基础的国际关系基本准则。</p><p>	弘扬和平、发展、公平、正义、民主、自由的全人类共同价值，在寻求“共同”中包容“不同”，在尊重“不同”中谋求“大同”，实现世界各国人民大团结。</p><p>	——“坚持正确义利观，以义为先、义利兼顾。”构建命运与共的全球伙伴关系，新时代中国是全球公共产品的提供者。</p><p>	中国是全球抗疫的中流砥柱。全力支持并推动全球团结抗疫，承诺将中国疫苗作为全球公共产品，努力弥合免疫鸿沟。</p><p>	中国在绿色转型中履行承诺。不断自主提高应对气候变化行动力度，积极开展应对气候变化国际合作，做出碳达峰、碳中和的庄严承诺……</p><p>	和平薪火代代相传，发展动力源源不断，文明光芒熠熠生辉。新时代中国，正以其创新性思维和创造性实践，牵动着世界的目光；正以其对全球治理的巨大贡献，透射出走向未来的无限前景。</p><p>	这是一个大国的卓越风范。</p><p>	“中国把自己的事情办好了，对世界而言就是贡献。”踏上新征程，建成14亿多人口体量的超大规模现代化，中国将改写世界现代化版图，拓展人类现代化途径。</p><p>	这是一个大党的历史担当。</p><p>	放眼中国发展大历史、世界变化大格局、人类发展大潮流，习近平总书记为建设一个富强民主文明和谐美丽的中国，一个持久和平、普遍安全、共同繁荣、开放包容、清洁美丽的世界谋篇布局。</p><p>	这是每个个体的飞扬神采。</p><p>	中国梦与世界梦息息相通。身处民族发展的最好时期，今天的中国人，对中国式现代化道路有着更深沉的体悟，对人类文明新形态有着更温情的理解，对中国和世界的美好未来有着更坚定的信心。</p><p>	历史正在进行，辉煌还将续写。踏上新征程，必将有越来越多的中国成就，闪耀在人类发展的浩瀚星空！</p><p>	<strong>（本报记者 王斯敏 王琎 钟超 刘江伟 刘坤）</strong></p><p>	<strong>（《奋进新征程 建功新时代》专栏相关报道见9版）</strong></p>', 2, 19, '作者1', '2022-4-0516:31:04');
INSERT INTO `news` VALUES (105, '推进全民健身  建设体育强国（奋进新征程 建功新时代）', '', '<p><img src=\"http://paper.people.com.cn/rmrb/images/1/20220222/1645474532818_1.jpg\">	在“带动3亿人参与冰雪运动”目标引领下，各地通过开展形式多样、老少皆宜的冰雪活动，点燃人们的运动热情。图为滑雪爱好者在内蒙古自治区凉城县岱海国际滑雪场滑雪。</p><p> 于 涛摄（影像中国）</p><p><img src=\"http://paper.people.com.cn/rmrb/images/1/20220222/1645474539599_1.jpg\">	小朋友们利用课余时间，参加各种体育活动，体验运动乐趣。图为一名小朋友在山东省滕州市弘道公园打乒乓球。</p><p> 李志军摄（影像中国）</p><p><img src=\"http://paper.people.com.cn/rmrb/images/1/20220222/1645474546319_1.jpg\">	近年来，各地紧贴市民就近健身需求，不断完善城市体育健身基础设施。图为江苏省宿迁市宿城区文体中心，体育健身广场投入使用，吸引附近市民前来锻炼。</p><p> 徐江海摄（影像中国）</p><p><img src=\"http://paper.people.com.cn/rmrb/images/1/20220222/1645474552569_1.jpg\">	中老年人越来越注重健康生活，享受运动乐趣。图为安徽省阜阳市的太极拳爱好者在公园内练习太极拳。</p><p> 王 彪摄（影像中国）</p><p><img src=\"http://paper.people.com.cn/rmrb/images/1/20220222/1645474558653_1.jpg\">	全民健身如火如荼，群众运动热情高涨。图为广西壮族自治区柳州市融水苗族自治县汪洞乡，少儿足球队队员在比赛。</p><p> 龙 涛摄（影像中国）</p><p><img src=\"http://paper.people.com.cn/rmrb/images/1/20220222/1645474566560_1.jpg\">	贵州省黔东南苗族侗族自治州从江县各中小学校积极开设体育运动类课程，帮助山里娃在体育锻炼中享受乐趣、增强体质。图为从江县刚边壮族乡中心小学的学生在校园运动会上拔河。</p><p> 罗京来摄（影像中国）</p><p>	体育强则中国强，国运兴则体育兴。习近平总书记强调：“体育是提高人民健康水平的重要手段，也是实现中国梦的重要内容，能为中华民族伟大复兴提供凝心聚气的强大精神力量。”近年来，全民健身国家战略深入实施，人民群众通过健身促进健康的热情日益高涨，健康中国和体育强国建设迈出新步伐。</p><p>	中国通过筹办冬奥会和推广冬奥运动，让冰雪运动进入寻常百姓家，实现了“带动3亿人参与冰雪运动”的目标。冰雪热潮正在大江南北涌动，全民健身在提高人民健康水平、促进人的全面发展、推动经济社会发展、展示国家文化软实力等方面的综合价值与多元功能得到充分发挥，为建设体育强国注入强劲动力。&nbsp;</p><p>	本版统筹：朱&nbsp;&nbsp;伟&nbsp;&nbsp;唐露薇</p><p>	版式设计：蔡华伟</p><p>		《 人民日报 》（ 2022年02月22日 10 版）</p><p><br></p>', 2, 19, '作者1', '2022-4-0516:31:32');
INSERT INTO `news` VALUES (106, '消除贫困  改善民生（奋进新征程  建功新时代）', '', '<p><img src=\"http://paper.people.com.cn/rmrb/images/1/20220303/1646253357254_1.jpg\">	图①：广西壮族自治区融安县大良镇古兰村，驻村第一书记（左）给农户讲解番茄管护知识。</p><p> 韦荣军摄（影像中国）</p><p><img src=\"http://paper.people.com.cn/rmrb/images/1/20220303/1646253175013_1.jpg\">	图②：江西省赣州市章贡区沙石镇火燃村蘑菇种植基地，村民在采收蘑菇。</p><p> 朱海鹏摄（影像中国）</p><p> 图③：湖北省宣恩县沙道沟镇上洞坪易地扶贫搬迁安置点。</p><p> 王 俊摄（影像中国）</p><p>	本版统筹：李智勇&nbsp;&nbsp;商&nbsp;&nbsp;旸</p><p>	版式设计：汪哲平</p><p>		《 人民日报 》（ 2022年03月03日 07 版）</p>', 2, 19, '作者1', '2022-4-0516:32:17');
INSERT INTO `news` VALUES (107, '“五个必由之路”揭示中国答卷的成功密码', '', '<p class=\"ql-align-justify\">	<strong>【光明论坛】</strong></p><p class=\"ql-align-justify\">	习近平总书记3月5日在参加十三届全国人大五次会议内蒙古代表团审议时，用“五个必由之路”深刻揭示了中国答卷背后的成功密码，即坚持党的全面领导是坚持和发展中国特色社会主义的必由之路；中国特色社会主义是实现中华民族伟大复兴的必由之路；团结奋斗是中国人民创造历史伟业的必由之路；贯彻新发展理念是新时代我国发展壮大的必由之路；全面从严治党是党永葆生机活力、走好新的赶考之路的必由之路。“五个必由之路”进一步深化了对共产党执政规律、社会主义建设规律、人类社会发展规律的认识，是具有方向性、根本性、全局性、战略性的重大论断，既为我们弄清楚“过去我们为什么能够成功”的内在逻辑提供了科学答案，也为“未来我们怎样才能继续成功”指明了前行方向。</p><p class=\"ql-align-justify\">	第一，“五个必由之路”深刻回答了“举什么旗，走什么路”的重大问题。方向决定道路，道路决定命运。中国特色社会主义是党和人民历经千辛万苦、付出巨大代价取得的根本成就，是实现中华民族伟大复兴的必由之路。我们正是因为始终坚持马克思主义指导地位不动摇，坚持科学社会主义基本原则不动摇，坚持党的全面领导和全面从严治党，团结带领中国人民不断推进理论创新、实践创新、制度创新、文化创新以及各方面创新，才不断赋予中国特色社会主义以鲜明的实践特色、理论特色、民族特色、时代特色，走出了一条不同凡响的中国道路，创造了世人瞩目的伟大奇迹。中国特色社会主义不断取得的辉煌成就，意味着中国特色社会主义道路、理论、制度、文化不断发展，拓展了发展中国家走向现代化的途径，给世界上那些既希望加快发展又希望保持自身独立性的国家和民族提供了全新选择，为解决人类问题贡献了中国智慧和中国方案，以不可辩驳的事实彰显了科学社会主义的鲜活生命力，社会主义的伟大旗帜始终在中国大地上高高飘扬！</p><p class=\"ql-align-justify\">	第二，“五个必由之路”深刻回答了“新时代坚持和发展什么样的中国特色社会主义、怎样坚持和发展中国特色社会主义”的重大课题。实现人类解放和造福人民是马克思主义的根本价值追求，也是人类社会发展的根本价值旨向。科学理论并不是僵死教条而是行动指南，社会主义并没有定于一尊、一成不变的套路。每一个国家、每一个民族，应该选择什么样的发展道路、采用什么样的发展方略，没有一个放之四海而皆准的固定模式，必须一切从实际出发，把科学社会主义基本原则同本国具体实际、历史文化传统、时代要求相结合，选择最适合自己的道路。中国最大的国情就是中国共产党的领导。什么是中国特色？这就是中国特色。中国特色社会主义最本质的特征是中国共产党领导，中国特色社会主义制度的最大优势是中国共产党领导。坚持党的全面领导是坚持和发展中国特色社会主义的必由之路。</p><p class=\"ql-align-justify\">	第三，“五个必由之路”深刻回答了“建设什么样的社会主义现代化强国、怎样建设社会主义现代化强国”的重大课题。在中国这样一个十几亿人口的国家如何实现现代化、建成现代化强国，这是一个人类历史上前所未有的伟大事业，也是世界历史上从来没有实现过的难题。中国共产党团结带领伟大的中国人民正在谱写人类历史上的宏伟史诗。现代化是18世纪以来的世界潮流，肇始于西方的、资本主导下的工业化和现代化在创造了丰富的物质财富的同时，也拉大了贫富差距，引发了环境问题，失落了精神家园。中国共产党领导的现代化是社会主义的现代化，始终把维护好、发展好人民的根本利益作为一切工作的出发点，让人民共享现代化成果。完整、准确、全面贯彻新发展理念，加快构建新发展格局，推动高质量发展，加快实现科技自立自强，我们就一定能够不断提高我国发展的竞争力和持续力，在现代化进程中、在日趋激烈的国际竞争中把握主动、赢得未来。</p><p class=\"ql-align-justify\">	第四，“五个必由之路”深刻回答了“建设什么样的长期执政的马克思主义政党、怎样建设长期执政的马克思主义政党”的重大课题。党的领导是党和国家的根本所在、命脉所在，是全国各族人民的利益所系、命运所系，坚持党的全面领导是坚持和发展中国特色社会主义的必由之路。离开党的领导，中国特色社会主义就缺乏根本的政治保证，就会失去正确方向。一方面，发展中国特色社会主义是一项长期而艰巨的历史任务，必须准备进行具有许多新的历史特点的伟大斗争。只有坚定不移坚持党的全面领导、维护党中央权威和集中统一领导，我们才能拥有团结奋斗的强大政治凝聚力、发展自信心，集聚起守正创新、共克时艰的强大力量；另一方面，办好中国的事情，关键在党、关键在全面从严治党。只要大力弘扬伟大建党精神，不忘初心使命，勇于自我革命，不断清除一切损害党的先进性和纯洁性的有害因素，不断清除一切侵蚀党的健康肌体的病原体，我们就一定能够确保党不变质、不变色、不变味，确保党在新时代坚持和发展中国特色社会主义的历史进程中始终成为坚强领导核心。</p><p class=\"ql-align-justify\">	实践证明，中国特色社会主义走得通、走得对、走得好，是一条既符合中国国情，又适合时代发展要求并取得巨大成功的唯一正确道路。坚持和发展中国特色社会主义是一篇大文章。新征程上，我们必须坚持党的全面领导和全面从严治党，增强“四个意识”、坚定“四个自信”、坚决做到“两个维护”，把我们党建设成为永葆青春活力的马克思主义政党，凝聚起为坚持和发展中国特色社会主义、实现中华民族伟大复兴团结奋斗的磅礴力量，立足新发展阶段、贯彻新发展理念、构建新发展格局，继续推动中国这艘“复兴号”巨轮劈波斩浪、行稳致远。</p><p class=\"ql-align-justify\">	<strong>（作者系中共中央党校〔国家行政学院〕哲学教研部副主任、教授）</strong></p><p><br></p>', 2, 19, '作者1', '2022-4-0516:33:25');
INSERT INTO `news` VALUES (108, '俄军苏-34在乌克兰被击落 思想落后军费不足是主因', '', '<p>据乌克兰国防部3月5日在社交媒体上发布的视频和照片，乌克兰军队在基辅东北部的切尔尼科夫市击落了一架俄军的苏-34战斗轰炸机红色24号。飞机当时正在进行低空对地攻击，结果被便携式防空导弹偷袭击坠，砸在居民区房屋上，两名飞行员跳伞一人摔死（一说是被击毙），另一人被俘。这是俄罗斯苏-34战斗轰炸机自2014年3月服役以来的首架战损，堪称不败金身被破。</p><p class=\"ql-align-center\"><img src=\"https://n.sinaimg.cn/mil/gif_image/516/w184h332/20220307/3ac3-33da16a7c1a6b538e3ad3873343e5244.gif\"></p><p class=\"ql-align-center\"><img src=\"https://n.sinaimg.cn/mil/crawl/588/w550h838/20220307/e95a-ed389d78e1da0e5cd04a0de9aa0bf394.jpg\"></p><p class=\"ql-align-center\"><img src=\"https://n.sinaimg.cn/mil/crawl/483/w550h733/20220307/fb86-9677fc03f3ec1e8c41780520b07752b4.jpg\"></p><p class=\"ql-align-center\"><img src=\"https://n.sinaimg.cn/mil/crawl/163/w550h413/20220307/c7cc-0eaecf1a56e9113241ccfc042730e75b.jpg\"></p><p class=\"ql-align-center\"><img src=\"https://n.sinaimg.cn/mil/crawl/483/w550h733/20220307/8811-8a3abe1ff2e0421364847287e9f028d7.jpg\"></p><p class=\"ql-align-center\"><img src=\"https://n.sinaimg.cn/mil/crawl/163/w550h413/20220307/c8ee-8297e0d31da0c93d042e049ee66e3e3a.jpg\"></p><p>苏-34战斗轰炸机是苏霍伊设计局研制的超音速双发双座战斗轰炸机，绰号鸭嘴兽。该机乘员2人，机长23.34米，翼展14.7米，机高6.09米，机翼面积62平方米，后掠角42°，飞机空重22.5吨，最大起飞重量45.1吨，安装有2台加力推力13.3吨的AL-31FM1涡扇发动机，使其最大飞行速度1.8马赫，低空海平面能达到1.2马赫，实用升限15000米，推重比0.68，限制过载+9G，该机可载油12100千克，14个外挂点外挂8吨弹药，航程能达到4000千米，作战半径1100千米（低空）。</p><p class=\"ql-align-center\"><img src=\"https://n.sinaimg.cn/mil/crawl/122/w550h372/20220307/3f79-6553de0e0177bffb3985a25c241ef656.jpg\"></p><p class=\"ql-align-center\"><img src=\"https://n.sinaimg.cn/mil/crawl/121/w550h371/20220307/4f54-0af1571118d414dff0a3a54037330ce5.jpg\"></p><p>苏-34是标准的苏联飞机俄罗斯用，最早为苏-27IB试验机，其试验机在1990年4月首飞，预生产型于1993年12月18日首飞。第一架原型机编号T10V-1（42号），随后在新世纪初生产了T10V-4/-7（44-47号）预生产型，期间经历了俄军军费最低谷时期，甚至穷到停了生产线生产面包阀盖工人维持生计的地步，直到2007年7月俄罗斯国防部才宣布正式接收，但直到2014年3月才完成国家实验正式服役，第一线第一个接收系列飞机的作战单位是第7000沃罗涅日-巴尔的摩空军基地第1航空大队，2014年更名为第47混合航空团。</p><p class=\"ql-align-center\"><img src=\"https://n.sinaimg.cn/mil/crawl/29/w550h279/20220307/6630-5403393a4192928ab3b66b458a58a2bc.jpg\"></p><p>这架飞机贯彻了完完全全的俄式作战思想，面多加水水多加面，需要安装V004大雷达，干脆就设计了具有扁平头部的前机身，顺便做了并列座舱让飞行员能够相互交流，既然座舱加大干脆就直接弄到2米高让飞行员能够站立歇会，也别从上面爬了，直接从鼻轮上的梯子登机。为了抗打设计了1.48吨钛合金浴盆装甲防护，结果空阻大、头重脚轻，然后干脆加装了两片鸭翼提高升力，既然座舱强了，干脆把全机身都增强一遍，挂8吨弹药也没啥事，机身重了就用自行车主起落架提高承载能力，再弄个内置APU辅助动力系统的改进型大尾椎。因此得到的就是基本保持苏-27的外形但机动性速度等各方面都暴跌的一架苏联概念的前线轰炸机，我们也可以叫战斗轰炸机。</p><p class=\"ql-align-center\"><img src=\"https://n.sinaimg.cn/mil/crawl/117/w550h367/20220307/2816-720ceaf629a1667e0be6dcdcb871bf9d.jpg\"></p><p class=\"ql-align-center\"><img src=\"https://n.sinaimg.cn/mil/crawl/94/w550h344/20220307/d02c-ee2af22c7a028802c9bd0ac4daf2b413.jpg\"></p><p class=\"ql-align-center\"><img src=\"https://n.sinaimg.cn/mil/crawl/60/w550h310/20220307/5eeb-bebed75eb83b98a54ee0d2bc67c7a420.jpg\"></p><p class=\"ql-align-center\"><img src=\"https://n.sinaimg.cn/mil/crawl/525/w550h775/20220307/fc0c-4c3a64be041b4bbdb897cc679b9f2f54.jpg\"></p><p class=\"ql-align-center\"><img src=\"https://n.sinaimg.cn/mil/crawl/64/w550h314/20220307/80f2-52448f7a080808dce6705e31520f75d2.jpg\"></p><p class=\"ql-align-center\"><img src=\"https://n.sinaimg.cn/mil/crawl/127/w550h377/20220307/aebb-71bb1aac210df4e57241836e458592a8.jpg\"></p><p>苏-34的V004大雷达采用1250×850毫米的固定天线，对小雷达横截面（RCS）地面目标的探测距离为150-200公里，对战斗机探测距离为120公里，挂载R-77-1中距导弹时可以同时攻击4个目标，然而但凡脑筋正常点的都不会把他投入空空作战，毕竟他已经增肥了8吨还有个鸭嘴兽雷达罩，阻力大增，速度大减，挂空空导弹主要还是自卫。该机配备“希比内”（Khibiny）电子战荚舱，可以挂载几乎所有俄罗斯空面精确制导武器，包括KAB-500L/KAB-1500L激光制导炸弹，KAB-500Kr/KAB-1500Kr电视制导炸弹，Kh-29L/KH-25ML激光制导导弹，Kh-29T电视制导导弹，Kh-59M/Kh-59M2电视制导导弹，Kh-31A/AD反舰导弹，Kh-31P/PM/PD高速反辐射导弹，Kh-58U/UShK反辐射导弹等。</p><p class=\"ql-align-center\"><img src=\"https://n.sinaimg.cn/mil/crawl/771/w550h221/20220307/42d9-c1ed19375ddfebd2f920ef31275f6c4d.jpg\"></p><p class=\"ql-align-center\"><img src=\"https://n.sinaimg.cn/mil/crawl/60/w550h310/20220307/d7ac-6a765f30c59506aaddbc077e65c4adf8.jpg\"></p><p>该机在机头下进气道前部中央安装有一个可伸缩的“悬铃木”（Platan）光电瞄准系统，这也是俄方宣传的重点之一，其实就是个整合进机体的弱化版光电吊舱，其CCD摄像头探测范围10公里，水平活动范围正负12度，俯仰角+ 6 / -140度，可同时监控2个目标，也安装有热成像仪、激光测距和照射装置，在超过1000米甚至几千米高空仍可搜寻零星的非装甲车辆等小目标。说实话这套系统由于受到机体影响，无论是水平角还是俯仰角都过小，再加上俄罗斯光电落后，使得其性能远远比不上我国和西方新一代光电吊舱。给鸭嘴兽最大的提升反而是通过机载火控计算机解算出轰炸航路，投射到“鸭嘴兽”的平视显示器上，可以极大提升无制导航弹的命中精度，所以我们才能够看到鸭嘴兽最主要的武器还是铁炸弹。</p><p class=\"ql-align-center\"><img src=\"https://n.sinaimg.cn/mil/crawl/119/w550h369/20220307/ec90-3a973453d76550b6bddc946847dded90.jpg\"></p><p class=\"ql-align-center\"><img src=\"https://n.sinaimg.cn/mil/crawl/700/w400h300/20220307/8200-22159fdf0552a18b700a8891d2861884.jpg\"></p><p class=\"ql-align-center\"><img src=\"https://n.sinaimg.cn/mil/crawl/193/w480h513/20220307/7d88-d5ed43c6b2d8f4deba1995d81c47b5ae.jpg\"></p><p class=\"ql-align-center\"><img src=\"https://n.sinaimg.cn/mil/crawl/83/w550h333/20220307/ac33-27c43b13f0bf847b2dd9e3f922e5cbaa.jpg\"></p><p>因此苏-34事实上是与现在世界战斗机多用途潮流背道而驰的一种落后的，仅符合俄军高度细分作战领域的设计，这也能够体现在苏-30系列在国际市场上大卖特卖，而苏-34至今还没出口，虽然有消息说阿尔及利亚想买，但到现在都没实锤。其实你看他要替代的机型就明白了，他主要替代图-22M3和苏-24，主打对地对海攻击，因此在这些方面强化是无可厚非的。然而与美国F-15EX和中国歼-16、歼-10C等先进多用途战斗机相比，苏-34显然有些得不偿失。要知道多用途飞机在气动上动得越少越好，这样越省钱，仅需要升级先进航电就能够使用大量制导弹药，同时需要什么能力就外挂什么吊舱强化，一机多用更廉价方便，其对地对海实力要比苏-34强，扔了弹药其机动性就能和对方防空战斗机过招，生存性也好。相比之下苏-34用了相当长时间发展完善，除了抗打能装之外，比起歼-16等差距颇大。甚至连歼轰七A战斗轰炸机都能在航空飞镖中连续两年力压苏-34，也就证明了苏-34本身的不足，当然这也与俄罗斯空天军的飞行员从实战角度出发进行大幅度的摆脱机动有关。</p><p class=\"ql-align-center\"><img src=\"https://n.sinaimg.cn/mil/crawl/92/w550h342/20220307/9f04-4f192570141a4ed96f00edb306f4a675.jpg\"></p><p class=\"ql-align-center\"><img src=\"https://n.sinaimg.cn/mil/crawl/109/w550h359/20220307/412a-3cda009c4617d87a3ce47de24501432a.jpg\"></p><p class=\"ql-align-center\"><img src=\"https://n.sinaimg.cn/mil/crawl/116/w550h366/20220307/1bec-f2c43eee09dcec08cbf1f125f58e46ce.jpg\"></p><p class=\"ql-align-center\"><img src=\"https://n.sinaimg.cn/mil/crawl/59/w550h309/20220307/cfc7-9c58dd1644bfdbcf81fc09d75aba717f.jpg\"></p><p class=\"ql-align-center\"><img src=\"https://n.sinaimg.cn/mil/crawl/80/w550h330/20220307/c1fe-71cf3c4b41cc672a30b0334bec979081.jpg\"></p><p class=\"ql-align-center\"><img src=\"https://n.sinaimg.cn/mil/crawl/66/w550h316/20220307/0f0c-bb7f809f5cac52248d97a1382f46792a.jpg\"></p><p>本次被击落的苏-34隶属俄罗斯空军中部军区空军第21近卫混成航空兵师混成航空兵2团，飞行员还参加过叙利亚战争并与俄罗斯与叙利亚总统合影，据称是在切尔尼戈夫执行低空轰炸任务时被一枚9K310“针-1”便携式单兵地空导弹击落的，视频可见其被攻击时因为高度太低发现太晚，仅抛出2枚干扰弹就被击中坠毁。该机携带的还是老式的500公斤级无制导炸弹，因此即使有悬铃木光电辅助，也得采用老式低空高速突防来提高命中率。这个战术在海湾战争中就证明了伤亡率很高，其实更应该让苏-25去做。而苏-34在执行这个任务完全可以靠精确制导弹药在较高的高度投放，以避开便携式防空导弹的优势区。然而激光制导炸弹等再便宜也得几万美元，以俄罗斯的军费是撑不起大规模消耗的，反而是无制导炸弹管够，而乌克兰人手里又有大量针式与毒刺存货并大量下发，因此就造成了俄罗斯人开最帅的飞机挨最毒的打的局面。</p><p class=\"ql-align-center\"><img src=\"https://n.sinaimg.cn/mil/crawl/113/w550h363/20220307/881d-1a448ddf5b74bc54689dd8688057618e.jpg\"></p><p>被击落那架</p><p class=\"ql-align-center\"><img src=\"https://n.sinaimg.cn/mil/crawl/163/w550h413/20220307/791d-423ff486bd47e6363a7154f0d5fe1957.jpg\"></p><p class=\"ql-align-center\"><img src=\"https://n.sinaimg.cn/mil/crawl/163/w550h413/20220307/ca7e-149a20bcd09d10ef9585fa5caeb97e69.jpg\"></p><p class=\"ql-align-center\"><img src=\"https://n.sinaimg.cn/mil/crawl/399/w550h649/20220307/07f8-a1303e1f77041b99a6d8befcc32f87c8.jpg\"></p><p class=\"ql-align-center\"><img src=\"https://n.sinaimg.cn/mil/crawl/163/w550h413/20220307/6b7c-99b0b17d8996c67ddc393c9d83357e02.jpg\"></p><p class=\"ql-align-center\"><img src=\"https://n.sinaimg.cn/mil/crawl/134/w550h1184/20220307/d99f-f9882fa50dc479953b5526a9f06b6de4.jpg\"></p><p class=\"ql-align-center\"><img src=\"https://n.sinaimg.cn/mil/crawl/57/w550h307/20220307/28a8-5839de38b6cb25ec78a4408794352fc5.jpg\"></p><p class=\"ql-align-center\"><img src=\"https://n.sinaimg.cn/mil/crawl/781/w500h281/20220307/586f-99d1e6bdf7b666c10beda918e5dfb506.jpg\"></p><p class=\"ql-align-center\"><img src=\"https://n.sinaimg.cn/mil/crawl/100/w550h350/20220307/272b-bad0d8d5bbb62f0b997c3a0c23af0a6a.jpg\"></p><p>现在对于这种任务，各国会更多选择无人机来完成，毕竟无人机不怕死人，光电齐全，多架一起上被击落一两架也能够及时还手，特别是能够长时间盘旋压制，对打击时现目标和游击队等目标具有非常好的有效性。偏偏是俄罗斯无人机一大堆，有察打能力的也不少，但实际装备就呵呵了，近日俄罗斯才公布用猎户座无人机对地攻击的画面，显然不是主力地位。一架3000万美元的苏-34为了点不值钱的炸弹损失了，说到底还是思想落后与军费不足的锅啊！</p><p class=\"ql-align-center\"><img src=\"https://n.sinaimg.cn/mil/crawl/116/w550h366/20220307/0094-800c00bfd8ee46d336892f4fb28606a3.jpg\"></p><p class=\"ql-align-center\"><img src=\"https://n.sinaimg.cn/mil/crawl/82/w550h332/20220307/4e9f-924b245e9e891f46437219daca594bb9.jpg\"></p><p class=\"ql-align-center\"><img src=\"https://n.sinaimg.cn/mil/crawl/780/w550h230/20220307/7505-008d84f5554dc72ac50f37f344d376c3.jpg\"></p><p class=\"ql-align-center\"><img src=\"https://n.sinaimg.cn/mil/crawl/117/w550h367/20220307/b471-9b0444700d38fab26a4f2ff813aeac76.jpg\"></p><p><br></p><p><strong>免责声明：以上内容为网友在新浪军事争鸣栏目上传并发布，仅代表发帖网友观点，并不代表本网赞同其观点和对其真实性负责。</strong></p>', 3, 7, '朱zhu', '2022-4-0516:34:38');
INSERT INTO `news` VALUES (109, '呼叫81192！王伟牺牲21年 铭记历史！致敬英雄！', 'http://127.0.0.1:3000/1649147757388_军事4.jpg', '<p>原标题：今天，再次呼叫81192！</p><p class=\"ql-align-center\">“呼叫81192</p><p class=\"ql-align-center\">甲板已经清空，空域已经清空</p><p class=\"ql-align-center\">可以降落</p><p class=\"ql-align-center\">请你立即返航！”</p><p class=\"ql-align-center\"><img src=\"https://n.sinaimg.cn/sinakd20220401s/193/w640h353/20220401/a0df-d7ded0d596c45f9c3ffa2b6eca0f9f4e.jpg\"></p><p class=\"ql-align-center\">每年的4月1日</p><p class=\"ql-align-center\">“81192”这组数字都会刷屏</p><p class=\"ql-align-center\">数字的背后</p><p class=\"ql-align-center\">是一个刻骨铭心的故事</p><p class=\"ql-align-center\">21年前的今天</p><p class=\"ql-align-center\">33岁的海军航空兵飞行员王伟</p><p class=\"ql-align-center\">驾驶81192号战机</p><p class=\"ql-align-center\">拦截侵犯我南海领空的美军侦察机</p><p class=\"ql-align-center\">再也没有返航</p><p class=\"ql-align-center\">王伟曾在入党申请书中写道</p><p class=\"ql-align-center\">“我希望加入党组织</p><p class=\"ql-align-center\">决不是为了捞点‘政治资本’</p><p class=\"ql-align-center\">也不是为了升官发财</p><p class=\"ql-align-center\">我只想以一个党员的身份严格要求自己</p><p class=\"ql-align-center\">为党和人民的利益</p><p class=\"ql-align-center\">贡献自己的一切，甚至生命”</p><p class=\"ql-align-center\">一句誓言，一生作答</p><p class=\"ql-align-center\">在最后一刻</p><p class=\"ql-align-center\">王伟义无反顾践行了自己的承诺</p><p class=\"ql-align-center\"><img src=\"https://n.sinaimg.cn/sinakd20220401s/93/w1080h613/20220401/90b9-95b61e008c612258239ad1108bfff094.png\"></p><p class=\"ql-align-center\"><strong>呼叫81192</strong></p><p class=\"ql-align-center\"><strong>我们从未忘记</strong></p><p class=\"ql-align-center\">2001年4月1日</p><p class=\"ql-align-center\">美军一架侦察机侵犯我南海领空</p><p class=\"ql-align-center\">我军随后派出飞行员王伟和赵宇</p><p class=\"ql-align-center\">紧急驾驶战机跟踪拦截</p><p class=\"ql-align-center\"><img src=\"https://n.sinaimg.cn/sinakd20220401s/5/w484h321/20220401/8c3d-16b3dcb4ce885890c365813ae802a0ae.jpg\"></p><p class=\"ql-align-center\">突然，美机大动作向王伟撞压过来</p><p class=\"ql-align-center\">王伟驾驶的飞机垂直尾翼被打成碎片</p><p class=\"ql-align-center\">尾部也遭到狠狠撞击</p><p class=\"ql-align-center\">战机呈右滚下俯状坠落</p><p class=\"ql-align-center\">翻滚坠落的飞机上</p><p class=\"ql-align-center\">传来了王伟镇定的报告声：</p><p class=\"ql-align-center\">“飞机控制失灵”</p><p class=\"ql-align-center\">王伟驾驶着已经失控的战机</p><p class=\"ql-align-center\">用自己的血肉之躯</p><p class=\"ql-align-center\">为拯救战机做最后的努力</p><p class=\"ql-align-center\">直到赵宇大声命令：“跳伞！”</p><p class=\"ql-align-center\">王伟才选择离开了自己的战机</p><p class=\"ql-align-center\"><img src=\"https://n.sinaimg.cn/sinakd20220401s/63/w500h363/20220401/3a10-eb7376038d00b3d1db161bc39f2fa03f.jpg\"></p><p class=\"ql-align-center\">一朵伞花绽放在了浩渺的南海</p><p class=\"ql-align-center\">十万军民搜寻14个昼夜</p><p class=\"ql-align-center\">依然没找到他</p><p class=\"ql-align-center\">英雄的生命永远定格在了33岁</p><p class=\"ql-align-center\">得知王伟没有生还可能后</p><p class=\"ql-align-center\">参加搜救行动的海军舰艇鸣笛志哀</p><p class=\"ql-align-center\">参与搜救的军民面向大海肃立默哀</p><p class=\"ql-align-center\">中央军委追授王伟同志</p><p class=\"ql-align-center\">“海空卫士”&nbsp;荣誉称号和一级英模奖章</p><p class=\"ql-align-center\"><strong>呼叫81192</strong></p><p class=\"ql-align-center\"><strong>英雄从未远去</strong></p><p class=\"ql-align-center\">21年来，每年的4月1日</p><p class=\"ql-align-center\">浙江安贤陵园的王伟烈士墓前</p><p class=\"ql-align-center\">总有人送来鲜花、航模……</p><p class=\"ql-align-center\">今年，这里摆满了战机和航母模型</p><p class=\"ql-align-center\">歼-20、歼-15、辽宁舰、山东舰……</p><p class=\"ql-align-center\">21年了，中国海军早已今非昔比</p><p class=\"ql-align-center\">多希望你能看到</p><p class=\"ql-align-center\"><img src=\"https://n.sinaimg.cn/sinakd20220401s/744/w1080h464/20220401/bc66-4fa5d2c5c05da086166ab26fb1a14b36.png\"></p><p class=\"ql-align-center\">“中华民族从来不缺脊梁</p><p class=\"ql-align-center\">过去未曾缺过，现在不缺</p><p class=\"ql-align-center\">未来也绝不会缺！</p><p class=\"ql-align-center\">现在，该我们从您手中接过接力棒”</p><p class=\"ql-align-center\">这是去年王伟墓前的一封特殊来信</p><p class=\"ql-align-center\">署名为“您跨越20年的战友”</p><p class=\"ql-align-center\"><img src=\"https://n.sinaimg.cn/sinakd20220401s/791/w720h871/20220401/3f44-05a402ea2d4d44fb5fc908f462030243.jpg\"></p><p class=\"ql-align-center\">写信人是上海交大本科生章原</p><p class=\"ql-align-center\">2018年9月</p><p class=\"ql-align-center\">他受王伟事迹鼓舞参军入伍</p><p class=\"ql-align-center\">成为一名海军战士</p><p class=\"ql-align-center\">这场跨越20年的“对话”中</p><p class=\"ql-align-center\">榜样和信仰的力量无声涌动</p><p class=\"ql-align-center\"><strong>呼叫81192</strong></p><p class=\"ql-align-center\"><strong>这里是21年后的中国</strong></p><p class=\"ql-align-center\">生前，王伟曾手绘过</p><p class=\"ql-align-center\">一幅名为《夙愿》的油画</p><p class=\"ql-align-center\">画面中</p><p class=\"ql-align-center\">一名飞行员驾驶舰载机从航母上起飞</p><p class=\"ql-align-center\">21年过去</p><p class=\"ql-align-center\">王伟的夙愿已变成现实</p><p class=\"ql-align-center\">2012年9月25日</p><p class=\"ql-align-center\">我国第一艘航空母舰辽宁舰</p><p class=\"ql-align-center\">正式交付人民海军</p><p class=\"ql-align-center\"><img src=\"https://n.sinaimg.cn/sinakd20220401s/725/w1000h525/20220401/2ddd-5351232cd97b02b1b40d34c2995edc1d.jpg\"></p><p class=\"ql-align-center\">2018年4月12日</p><p class=\"ql-align-center\">中央军委在南海海域举行海上阅兵</p><p class=\"ql-align-center\">中国海军向全世界发出宣告：</p><p class=\"ql-align-center\">有我图强，用我必胜！</p><p class=\"ql-align-center\"><img src=\"https://n.sinaimg.cn/sinakd20220401s/98/w1080h618/20220401/8175-9cb8ea7ef357e81b3288adbe168ff517.jpg\"></p><p class=\"ql-align-center\">2019年12月17日</p><p class=\"ql-align-center\">我国第一艘国产航空母舰山东舰</p><p class=\"ql-align-center\">在海南三亚某军港交付海军</p><p class=\"ql-align-center\">正式入列</p><p class=\"ql-align-center\">中国正式迈入双航母时代</p><p class=\"ql-align-center\">2021年4月23日</p><p class=\"ql-align-center\">在人民海军72岁生日这天</p><p class=\"ql-align-center\">海军三型主战舰艇</p><p class=\"ql-align-center\">——长征18号艇、大连舰、海南舰</p><p class=\"ql-align-center\">在海南三亚某军港集中交接入列</p><p class=\"ql-align-center\"><img src=\"https://n.sinaimg.cn/sinakd20220401s/88/w1080h608/20220401/cd99-5441c692eb653c90de56c1584837b5cf.png\" alt=\"▲海南舰（舷号31）\"><strong>▲海南舰（舷号31）</strong></p><p><br></p><p class=\"ql-align-center\">如今</p><p class=\"ql-align-center\">中国海军新型作战力量不断升级</p><p class=\"ql-align-center\">国家利益所至，舰艇航迹必达</p><p class=\"ql-align-center\">今日中国</p><p class=\"ql-align-center\">就是你期待中的模样</p><p class=\"ql-align-center\">21年，我们从未忘却</p><p class=\"ql-align-center\">在你翱翔过的航线上</p><p class=\"ql-align-center\">人民军队誓死捍卫着</p><p class=\"ql-align-center\">祖国的碧海蓝天</p><p class=\"ql-align-center\">今天，再次呼叫81192</p><p class=\"ql-align-center\">请放心返航</p><p class=\"ql-align-center\">铭记历史！致敬英雄！</p><p>来源 | 央视新闻微信公众号</p>', 3, 7, '朱zhu', '2022-4-0516:36:01');
INSERT INTO `news` VALUES (110, '俄乌这已是第二次打仗 100年前就打了第一仗，还一打就是4年', '', '<p>作者署名：装甲铲史官</p><p class=\"ql-align-center\"><img src=\"https://n.sinaimg.cn/weibo_pub/crawl/59/w550h309/20220225/da75-c91a03c84eba5882dab4d782d64d4d2d.png\"></p><p>2022年2月24日凌晨，俄罗斯总统普京宣布对乌克兰实施“特别军事行动”，随后乌克兰全境狼烟四起，基辅、哈尔科夫、马里乌波尔、敖德萨到处都传来爆炸声或俄军入境的消息，一场被欧美媒体渲染良久的俄乌战争猝然爆发，吸引全球军迷们纷纷围观。</p><p class=\"ql-align-center\"><img src=\"https://n.sinaimg.cn/weibo_pub/crawl/133/w550h383/20220225/73c0-d88f36c71cfe3534829481e051cd25a5.png\"></p><p>■西方媒体绘制的2月24日俄军进攻乌克兰的示意图，可见战火蔓延乌克兰全境。</p><p>其实，俄罗斯和乌克兰的这场冲突只是自2014年克里米亚危机以来两国持久矛盾的全面升级而已，在维基百科上早已将俄乌冲突定性为一场低烈度混合战争，这既是俄罗斯与欧美进行地缘战略博弈的结果，也是乌克兰自苏联解体后朝三暮四、自我作死带来的恶果。</p><p>回首历史，乌克兰和俄罗斯并不是第一次兵戎相见，早在一个世纪前当战争和革命风暴摧毁沙皇俄国之际，乌克兰人就曾尝试谋求独立，并以武力加以捍卫。</p><p>与今日的乌克兰相似的是，那些乌克兰民族主义者很早就借助外部势力对抗苏俄，甚至不惜出卖主权，但最终归于失败。就连普京在2月21日也宣称“现代乌克兰完全是由俄罗斯创造”，“乌克兰从未拥有过自己的国家”。</p><p>01</p><p>一战烽烟出乱世</p><p>一战时期，乌克兰是东线的主战场，俄军和罗马尼亚军队与德军和奥匈军队进行了激烈的拉锯战。</p><p>1916年夏，俄军发动著名的“布鲁西洛夫攻势”，在付出数十万人伤亡的代价后重创德奥联军，夺取了沃里尼亚和东加利西亚，这里是历史上乌克兰人的主要聚居区。1917年3月，俄国爆发二月革命，沙皇尼古拉二世宣布退位，罗曼诺夫王朝寿终正寝，在俄国境内长期存在的民族主义倾向抬头，各民族纷纷要求自治乃至独立。</p><p>在这一背景下，乌克兰民族主义者在1917年4月在基辅宣布成立乌克兰人民共和国，并建立了中央拉达（议会）作为最高权力机构，但此时乌克兰仍作为一个自治政体留在二月革命后成立的临时政府领导的俄罗斯之内，基辅与彼得格勒保持着密切联系。</p><p class=\"ql-align-center\"><img src=\"https://n.sinaimg.cn/weibo_pub/crawl/114/w550h364/20220225/cffe-bf26e38434a6e66bfcc08fdf6ba1809f.png\"></p><p>■1917年在基辅索菲亚广场上举行支持中央拉达的集会。</p><p>俄国临时政府坚持继续进行战争，在1917年夏季发动了“克伦斯基攻势”，却遭到了灾难性的失败，不仅失去了1916年的全部战果，民心士气均受到沉重打击，社会矛盾急剧激化，整个国家濒临分崩离析的边缘。</p><p>很多乌克兰籍的俄军官兵对俄罗斯的命运愈发感到悲观，对激进的乌克兰民族主义者的独立主张表示认同，希望建立一个完全独立的乌克兰人的国家。</p><p>与此同时，以内斯托尔·马赫诺为首的无政府主义者在乌克兰南部制造事端，而布尔什维克也在乌克兰东部的顿巴斯地区发展势力，一时间乌克兰成为各方政治力量的角斗场。</p><p class=\"ql-align-center\"><img src=\"https://n.sinaimg.cn/weibo_pub/crawl/80/w550h330/20220225/c117-419c469287c09b92d3ef8c1b3715bbc4.png\"></p><p>■1917年夏季参与“克伦斯基攻势”的俄军部队发起冲锋，最终遭遇惨败。</p><p>1917年11月，布尔什维克在彼得格勒发动起义，推翻了临时政府，改变世界的“十月革命”由此爆发，翻天覆地的革命风暴席卷全俄。</p><p>受彼得格勒起义的影响，布尔什维克同时在基辅发动起义，击败了忠于临时政府的当地驻军，建立了苏维埃委员会，不过乌克兰民族主义者主导的中央拉达控制了基辅，而受到排挤的布尔什维克党人在1917年12月底在哈尔科夫建立了与基辅对立的乌克兰苏维埃共和国，并得到彼得格勒苏俄政权的支持。</p><p>作为回应，中央拉达于1918年1月22日宣布乌克兰人民共和国为独立国家，与俄罗斯割袍断义。但是，新建的苏俄政府拒绝承认乌克兰的独立。</p><p>值得一提的是，乌克兰人民共和国是乌克兰民族2000年历史上首次独立建国，然而这个国家从诞生之初就陷入了分裂和内战。</p><p class=\"ql-align-center\"><img src=\"https://n.sinaimg.cn/weibo_pub/crawl/113/w526h387/20220225/fffc-c4997c8c6f0e9f9f30e5500ea6ead0bf.png\"></p><p>■1918年2月参加基辅起义的武装工人和士兵。</p><p>中央拉达虽然宣布独立，却没有足够的力量控制国家，捍卫权利，其军事力量乌克兰人民军兵力相当有限，而布尔什维克主导的哈尔科夫政权却得到苏俄的鼎力支持，占有明显优势，布尔什维克武装迅速占领了包括波尔塔瓦、扎波罗热等重要城市。</p><p>1918年2月，基辅再次爆发布尔什维克起义，中央拉达被迫迁往日托米尔。与此同时，马赫诺在乌克兰南部割地自立，罗马尼亚人趁机占领了比萨拉比亚，还有俄罗斯白卫军在境内四处流窜，乌克兰人民共和国的版图几乎每天都在缩水！</p><p class=\"ql-align-center\"><img src=\"https://n.sinaimg.cn/weibo_pub/crawl/103/w550h353/20220225/1e49-e3ae660ea69c28ec991ab3cf14b7404a.png\"></p><p>■1917年行进在基辅街头的乌克兰人民军部队。</p><p>02</p><p>献媚德国成附庸</p><p>面对江山沦丧、朝不保夕的困境，中央拉达的官僚们居然向不久前的敌人德国和奥匈乞求援助，于1918年2月9日同德国签订了《第一次布列斯特条约》，以向德军提供粮食为条件请求德国给予军事援助。</p><p>德奥联军依约进兵乌克兰，帮助乌克兰人民军发起反击，击退了布尔什维克的进攻，并在3月1日重占基辅。</p><p>两天后，苏俄被迫与德国签订了更著名的《布列斯特条约》，在条约中承认了乌克兰的独立，但实际上乌克兰已经沦为德国的附庸。</p><p>在德奥军队的支持下，乌克兰人民军大举收复失地，在1918年3、4月间夺取了包括哈尔科夫、敖德萨、克里米亚、顿巴斯在内的广阔领土，哈尔科夫的苏维埃政权被迫流亡苏俄，布尔什维克军队在训练有素的德奥军队面前一再败退，被逐出乌克兰。</p><p>但是，基辅政权对地方的控制是松散而虚弱的，各地依然存在受布尔什维克或无政府主义支持的反抗运动，不少地方不满于德军的侵占而成立了自卫组织。</p><p class=\"ql-align-center\"><img src=\"https://n.sinaimg.cn/weibo_pub/crawl/110/w550h360/20220225/c021-78e40d716ab3229d33c202e61c4884c1.png\"></p><p>■1918年2月9日，德国与乌克兰签订《第一次布列斯特条约》的现场。</p><p>1918年4月29日，前沙俄将军帕维尔·斯科罗帕茨基在德国的怂恿支持下发动政变，夺取了中央拉达的权力，建立了乌克兰国，并自封国王，彻底变成受柏林掌控的傀儡政权，不过斯科罗帕茨基始终没有向协约国宣战。</p><p>有德国的枪杆子撑腰，斯科罗帕茨基在乌克兰境内开始了疯狂的反攻倒算，推翻了很多革命时期的施政措施，极力复辟旧帝国的统治秩序，一时间乌克兰成为俄国旧贵族、中产阶级流亡者的避难所，并有大量前俄军官兵前来投奔，乌克兰军队的规模一度膨胀到31万人，乌克兰国的疆域甚至扩展到库班半岛和伏尔加河西岸。</p><p>尽管马赫诺等地方武装仍不时骚扰，但乌克兰算是迎来了自独立以来相对和平的时期，然而好景不长，随着1918年11月德国战败乞降，德军从乌克兰全面撤军，乌克兰国转瞬之间灰飞烟灭，斯科罗帕茨基也逃离基辅，开始流亡，政权转移到以民族主义者西蒙·彼得留拉为首的乌克兰督政府手中，恢复了乌克兰人民共和国的名号。</p><p class=\"ql-align-center\"><img src=\"https://n.sinaimg.cn/weibo_pub/crawl/116/w550h366/20220225/b859-65b3256585d4874cb89ef5204d8ee982.png\"></p><p>■斯科罗帕茨基倒台后掌权的乌克兰督政府成员，前排左二为彼得留拉。</p><p>03</p><p>内战复燃再变天</p><p>督政府的权力宝座尚未坐热，边界就传来警报：布尔什维克又回来了！在德国投降的第一时间，列宁领导的苏维埃俄国就废除了《布列斯特条约》，集结兵力向失去德国保护的乌克兰发起进攻，力图将这片富庶之地重新纳入苏维埃政权的掌控下。</p><p>与此同时，奥匈帝国的瓦解在东欧掀起一场民族主义热潮，各地民族纷纷自立，东加利西亚的乌克兰人趁势在1918年11月建立了西乌克兰人民共和国，并谋求与乌克兰人民共和国合并，两国于1919年1月签订了统一协定。</p><p>然而，居住在东加利西亚的波兰人要求并入新成立的波兰共和国，因此与乌克兰人发生了尖锐的对立，最终演变为战争。</p><p>1919年10月，波兰军队击败乌克兰军队，控制了东加利西亚，而巴黎和会也同意由波兰管制该地25年，等同于默认了波兰的吞并。</p><p class=\"ql-align-center\"><img src=\"https://n.sinaimg.cn/weibo_pub/crawl/162/w550h412/20220225/f5c9-d4406d8a853555a3d2c1f5a3fed87f9a.png\"></p><p>■表现1918年利沃夫的波兰志愿者与乌克兰军队交战的画作。</p><p>对于波兰在西面的鲸吞之举，督政府已经无暇顾及，除了苏维埃军队自东而来的强势进攻外，诸如马赫诺、白俄军等各地割据武装也蜂拥而起，在德国投降后，法国派兵干涉苏俄革命，在克里米亚、赫尔松、敖德萨等地登陆，加剧了混乱局势，而法军的到来受到乌克兰人与俄罗斯人的双重敌视，第聂伯河两岸硝烟滚滚，恍如战国乱世，法军在处处受敌、举步维艰的情况下被迫撤退。</p><p class=\"ql-align-center\"><img src=\"https://n.sinaimg.cn/weibo_pub/crawl/104/w550h354/20220225/b4a5-18a7f562bce1735d02bffc93aae505a4.png\"></p><p>■1919年登陆敖德萨的法国干涉军及其坦克。</p><p>卷土重来的苏维埃红军势如破竹，在1919年初重占乌克兰东部，于2月5日攻入基辅，之前流亡苏俄的乌克兰苏维埃重建政权，宣布建立乌克兰苏维埃社会主义共和国，于3月15日定都基辅。</p><p>在红军的猛攻下，乌克兰人民军溃不成军，向西败逃，督政府也一路迁徙，最后在靠近波兰边界的罗夫诺落脚。</p><p>就在乌克兰人陷入绝望之际，红军主力突然调头向东，应对进攻俄国南部和乌拉尔地区的邓尼金白俄军和马赫诺武装，直到1919年冬季才扭转战局，这让乌克兰人获得了奇迹般的喘息之机。</p><p class=\"ql-align-center\"><img src=\"https://n.sinaimg.cn/weibo_pub/crawl/97/w550h347/20220225/9d16-049cc2c6d9d1eb9108ed2abf1f8527d6.png\"></p><p>■1919年3月，被德奥方面释放的乌克兰战俘宣誓加入乌克兰人民军。</p><p>04</p><p>卖国求存终成空</p><p>督政府很清楚，一旦东方的威胁得到解除，苏俄红军必定会再度进攻乌克兰西部，而仅凭自己的力量肯定无力阻挡，于是乌克兰人故技重施，再求外援，竟然向刚刚吞并西乌克兰的波兰伸出了橄榄枝。</p><p>1920年4月，彼得留拉和波兰独裁者毕苏斯基在华沙签署军事协定，结成反布尔什维克联盟。</p><p>与之前同德国结盟一样，乌克兰人牺牲了部分主权以求得波兰的援助，包括承认波兰对东加利西亚的吞并，同意加入由波兰主导的涵盖波罗的海和黑海之间的国家联盟（史称“海间联邦”）。</p><p class=\"ql-align-center\"><img src=\"https://n.sinaimg.cn/weibo_pub/crawl/154/w550h404/20220225/d740-9c277822a9085e3b4cde7076d5e2d09b.png\"></p><p>■1920年4月，毕苏斯基和彼得留拉举行会晤时一起从火车车厢向外致意。</p><p>从乌克兰人手里拿到好处的波兰人迅速出手助战，与乌克兰军队联手向东进击，乌克兰实际上成为1920年苏波战争的主战场。</p><p>波乌联军起初颇占优势，在4、5月间发动基辅攻势，从红军手中夺取了乌克兰中部和南部的大片土地，并在5月7日占领基辅。</p><p>然而，波乌联军取得的是一场皮洛士式的胜利，到5月底已是强弩之末。红军在积蓄力量后，在名将图哈切夫斯基的指挥下在日托米尔方向展开大规模反攻，重新夺回了基辅，这已经是这座城市在三年内的第五次易手了。</p><p>在红军的猛攻下，波军被逐出乌克兰，战火燃烧到波兰境内，直到1920年8月波军在华沙城下绝地反击，挫败了苏军，波兰才免除了亡国之厄。</p><p>此时，由弗兰格尔领导的白俄军队兵犯乌克兰南部，顾此失彼的苏俄被迫与波兰展开谈判，苏波两军于10月18日宣布停战。</p><p>失去援手的乌克兰军队孤掌难鸣，最后2.3万人的乌军在11月间被红军击溃，残部逃往波兰，督政府也成为流亡政府。</p><p class=\"ql-align-center\"><img src=\"https://n.sinaimg.cn/weibo_pub/crawl/52/w550h302/20220225/3fa5-73fd99a6d7a5efbe1a5ab073854c783c.png\"></p><p>■1920年8月，在华沙城外的波军机枪阵地，他们最终击退了苏军的进攻。</p><p>1921年3月18日，经过马拉松式的谈判，波兰与苏维埃俄国及苏维埃乌克兰在拉脱维亚的里加签订和平条约，苏俄承认波兰对东加利西亚的统治，而波兰同样承认乌克兰苏维埃共和国的主权，这项条约实际上埋葬了存在仅四年的乌克兰人民共和国。红军随即会师东进，击败了弗兰格尔军队，进而剿灭了乌克兰境内的所有反抗势力。</p><p>1922年12月30日，俄罗斯、白俄罗斯、乌克兰和外高加索签订联盟条约，乌克兰成为苏联的创始成员之一，乌克兰的历史由此翻开了新的篇章。</p><p class=\"ql-align-center\"><img src=\"https://n.sinaimg.cn/weibo_pub/crawl/102/w550h352/20220225/d33c-ac05ae8385df8e083cdd1efbe9552f3c.png\"></p><p>■表现1922年12月30日《苏联成立条约》签订仪式的画作，乌克兰是苏联的创始国之一。</p><p>05</p><p>结语</p><p>这场以乌克兰为中心的战争从1917年11月到1921年11月，持续了四年之久，史称乌克兰独立战争，这是一场极为复杂混乱的战争，涉及了多方势力和多个国家，包括乌克兰的民族主义者、无政府主义者、布尔什维克主义者和白俄军队，以及德国、奥匈、法国、波兰等国，与一战、俄国内战、波乌战争和苏波战争均有交集。</p><p>尽管经历了如此漫长的争斗，乌克兰人谋求国家独立的愿望还是落空了，实际上从未实现过真正的独立，反而一再成为外部势力的附庸和傀儡，最后还是被苏联所吸纳。</p><p>回顾历史，20世纪初叶乌克兰民族主义者的挣扎和迷乱与今日乌克兰政权颇有相似之处，强邻在侧，又处于东西方对抗的前沿，却没有自保的实力和明智的外交策略，将主权与独立寄托于西方口惠而实不至的承诺，最终只落得山河破碎、悲凄哀鸣的境地，可叹可怜又可恨！</p><p class=\"ql-align-center\"><img src=\"https://n.sinaimg.cn/weibo_pub/crawl/50/w550h300/20220225/5930-12a541863667e04021e1e7e7e93c69d8.png\"></p><p><br></p><p>■2022年2月24日，几个乌克兰年轻女孩在基辅地铁站躲避袭击。</p><p><strong>免责声明：以上内容为网友在新浪军事争鸣栏目上传并发布，仅代表发帖网友观点，并不代表本网赞同其观点和对其真实性负责。</strong></p>', 3, 7, '朱zhu', '2022-4-0516:37:35');
INSERT INTO `news` VALUES (111, '巴基斯坦歼-10CE不简单 空空导弹和平显全是顶配', '', '<p>3月11日，巴基斯坦军方在卡姆拉空军基地为首批交付巴军的四代半战机J-10CE（按五代划代标准）举行了隆重的服役仪式。作为巴基斯坦空军新一代空中作战的中坚力量，J-10CE承担了与印军阵风战机抗衡的重任，所以巴基斯坦全国上下对其都极为重视，不仅总理伊姆兰·汗亲自到现场见证和主持仪式，而且还进行了全国直播。通过直播画面和巴军放出的一些宣传信息，外界也对这批外贸J-10CE的配置和接装部队有了更多的了解。</p><p class=\"ql-align-center\"><img src=\"https://n.sinaimg.cn/mil/crawl/10/w550h260/20220313/9bdd-e759791bd930c9cda3968da0e41e02c2.jpg\"></p><p>图：首批6架J-10CE</p><p class=\"ql-align-center\"><img src=\"https://n.sinaimg.cn/mil/crawl/116/w550h366/20220313/589a-acc99396a7a7ad828f9c958d686447d6.jpg\"></p><p>图：巴基斯坦总理伊姆兰·汗亲自体验J-10CE的座舱</p><p class=\"ql-align-center\"><img src=\"https://n.sinaimg.cn/mil/crawl/790/w550h240/20220313/87d6-6060a35f85b08ad67b0b97aad06b643f.jpg\"></p><p class=\"ql-align-center\"><img src=\"https://n.sinaimg.cn/mil/crawl/200/w550h450/20220313/0a28-090a0ca82b43f4eeafbb294b87f78736.jpg\"></p><p>图：交付巴基斯坦的J-10CE换用了最新款的外贸宽视角单片式衍射平显</p><p>从上面巴基斯坦电视台和军方发布的特写画面可以看到，巴军的J-10CE战机已经将HUD平视显示器换成了与今年刚服役的枭龙block 3战机一样的最新款第三代宽视角单片式衍射平显，比早批次J-10C使用的三片式衍射平显的配置更高。这款平显是2021年珠海航展上首次公开的最新款外贸衍射平显，视场方面与阵风战机使用的泰雷兹CTH3022广角衍射平显不相上下，不仅字符高亮清晰，而且还能支持外贸的鹰隼-II前视红外系统的夜视画面投射，让飞行员夜间超低空飞行时更加的游刃有余。</p><p class=\"ql-align-center\"><img src=\"https://n.sinaimg.cn/mil/crawl/116/w550h366/20220313/0e04-1f7af4e0f7b9e860aa64f76b805bae9b.jpg\"></p><p>图：巴基斯坦军方发布的J-10CE宣传照</p><p>除了平显换了最新款外，巴军J-10CE的配套武器也选择了顶配，上图可以看到，参加服役仪式的J-10CE挂载了最新的外贸PL-15E主动雷达制导中距弹和PL-10E红外成像格斗弹。根据珠海航展公开的信息显示，PL-15E的射程高达145公里，采用了双脉冲固体火箭发动机，除了新的主动雷达导引头外，可能还配备了双向数据链，配合J-10CE的大尺寸有源相控阵雷达，完全能够抗衡印军阵风战机与流星冲压动力中距弹的组合。而PL-10E采用的是最新的焦平面阵列红外成像技术，与美军最新款的AIM-9X格斗弹是同一水平，瞬时视场很大，同样该弹也采用了空气舵和燃气舵组合控制，因此机动性极佳，非常适合配合新一代头盔显示系统使用。印军阵风目前格斗弹主要是使用米卡IR，采用的是上一代的线列扫描成像，技术水平上要落后一些，不过印军有引进德国IRIS-T红外成像格斗弹的迹象，值得注意。</p><p class=\"ql-align-center\"><img src=\"https://n.sinaimg.cn/mil/crawl/52/w550h302/20220313/cd74-f26f122a94e9ed5082cec17df05e4e4d.jpg\"></p><p class=\"ql-align-center\"><img src=\"https://n.sinaimg.cn/mil/crawl/48/w550h298/20220313/966d-0a1ad6922d1e048ef88590225c68c4e6.jpg\"></p><p>图：巴军J-10CE飞行员改用了我国厂家的新款轻量化飞行头盔</p><p class=\"ql-align-center\"><img src=\"https://n.sinaimg.cn/mil/crawl/59/w550h309/20220313/ec55-8672bc9e3883884bc1f2c58f55c5f311.jpg\"></p><p>图：巴军枭龙飞行员仍然使用美军HGU-55飞行头盔</p><p>而在飞行员的个人装具方面，巴军J-10CE飞行员也不再像枭龙战机飞行员那样，继续使用美军同款HGU-55飞行头盔，而是改用了我国厂家研制的新一代轻量化飞行头盔，并搭配了新款氧气面罩。这款头盔护目镜的保护罩上有两个减重大孔，白色版本戴起来很像熊猫，所以又被军迷亲切的称为“熊猫盔”。目前暂时还没有看到巴军展示J-10CE配套的头盔显示系统，但他们必然是有采购的，不然PL-10E的性能难以完全发挥出来。</p><p class=\"ql-align-center\"><img src=\"https://n.sinaimg.cn/mil/crawl/484/w550h734/20220313/c444-cd19658f426f7ac72ba58541b0eb9637.jpg\"></p><p>图：这线条太漂亮了</p><p class=\"ql-align-center\"><img src=\"https://n.sinaimg.cn/mil/crawl/163/w550h413/20220313/b4d7-84ed73b3cf6b536dc6440d28dbde7321.jpg\"></p><p>图：巴基斯坦总理发言人与服役仪式上的J-10CE合影</p><p>除了HUD和配套武器全部顶配外，J-10CE的告警传感器配置也很高，目前可以看到有雷达告警和珠海航展上展示的最新导弹逼近红外告警传感器。新一代的告警系统除了有告警距离远和多目标告警能力强之外，还有精确测向能力，也能配合反辐射导弹进行反击。巴军虽然还未展示配套J-10CE采购的对地弹药，但是为了对付印军新的S-400远程防空系统，J-10CE肯定会有新的反辐射对地弹药。</p><p class=\"ql-align-center\"><img src=\"https://n.sinaimg.cn/mil/crawl/117/w550h367/20220313/e6ff-f5a0ecfbe796392b2d6b860e0017ffcb.jpg\"></p><p><br></p><p>全顶配的J-10CE战机在PL-15E和PL-10E的加持下，不论是超视距对决，还是近距格斗，都完全有能力与阵风一较高下，甚至雷达还占优。而且J-10CE还能很方便的与从我国采购的ZDK-03预警机无缝连接，获得更好的情报支持。而印军采购来源不同的预警机要与阵风无缝连接，还得费一番功夫。可以说，J-10CE再次拉平了巴基斯坦空军和印度空军的技术天平，完全可以称得上是继F-16之后，巴基斯坦新的护国利器。</p><p><strong>免责声明：以上内容为网友在新浪军事争鸣栏目上传并发布，仅代表发帖网友观点，并不代表本网赞同其观点和对其真实性负责。</strong></p>', 3, 7, '朱zhu', '2022-4-0516:38:28');
INSERT INTO `news` VALUES (112, '江苏宿迁中心城区静态管理时间延长至4月8日零时', '', '<p><strong>关于延长中心城区静态管理时间的通告（第36号）</strong></p><p>当前，我市疫情防控形势严峻复杂，病毒隐匿传播风险仍然存在。为最大程度保障人民群众生命安全和身体健康，市新冠肺炎疫情联防联控指挥部研究决定，继续执行《关于进一步加强中心城区疫情防控工作的通告》（第28号）《关于在中心城区全域范围内开展大规模核酸检测的通告》（第29号）各项要求，在中心城区继续停止一切非必要流动和活动，每天7时开展大规模核酸检测，时间延长至4月8日零时。</p><p>广大市民朋友们，疫情防控，关乎你我！疫情防控，人人有责！让我们团结一心、携手同行、共同抗疫，全面做好个人健康防护，主动参与全员核酸检测，认真执行各项防控措施，让社会真正“静下来”，尽快阻断病毒传播链条，打赢疫情防控歼灭战。</p><p>感谢广大市民朋友的理解、支持与配合！</p><p>宿迁市新冠肺炎疫情</p><p>联防联控指挥部办公室</p><p>2022年4月5日</p><p>来源：宿迁发布微信公众号</p>', 1, 7, '朱zhu', '2022-4-0516:39:37');
INSERT INTO `news` VALUES (113, '成都27例本土病例中已发现4条传播链 病例增长较快', '', '<p>记者5日从四川省成都市疾控中心获悉，截至本月4日24时，成都市在本轮疫情确诊的27例本土病例中，已发现4条传播链，病例增长较快。</p><p>据介绍，成都既往本土疫情的传播链只有1条，但是此次发现的4条传播链，除武侯区、青羊区此前报告的2条传播链外，还新增了省外出差返回人员、省外来蓉货运司机2条传播链。目前确诊的27例病例中，有17例病例都与同一所酒吧相关联。</p><p>自发现本轮本土病例后，成都立即启动疫情防控应急预案，从严从快开展阳性人员活动轨迹排查、流行病学调查和基因测序，尽快确定风险点位、人员，全力阻断传播链条，及时推送协查信息，坚决防止疫情外溢。已加强了商超、农贸市场、车站、酒吧、KTV等人员密集场所、封闭性场所的保障和管控，并加大相关风险人员排查等各项管控措施。至5日，成都全市大多数娱乐性场所已暂停营业。</p><p>（总台记者 郑轶）</p>', 1, 7, '朱zhu', '2022-4-0516:40:12');
INSERT INTO `news` VALUES (115, '河南太康县通报6起涉疫违法案件依法处理情况', '', '<p>“周口发布”微信公众号消息，太康县公安机关充分发挥职能作用，对各类涉疫违法犯罪坚决依法依规严厉打击处理。现将近期6起典型案例通报如下：</p><p><strong>1。王某全妨害传染病防治案</strong></p><p>2022年3月16日，周口市淮阳区居民王某全从省外疫情中高风险地区来太康后，未按疫情防控规定及时向社区报备并采取居家隔离等相关防控措施，在3月16日至23日期间频繁出入公共场所，且在3月23日核酸初筛阳性后，仍对流调人员故意隐瞒行程，致使多人感染新冠肺炎，严重损害、影响群众健康安全和生产生活。3月27日，太康县公安局依据《中华人民共和国刑法》第三百三十条规定，对王某全以涉嫌妨害传染病防治罪立案侦查。</p><p><strong>2。徐某辉妨害传染病防治案</strong></p><p>2022年3月20日，太康县高贤乡居民徐某辉违反疫情防控规定，组织百人以上寿宴聚会，致使多人感染新冠肺炎，严重损害、影响群众健康安全和生产生活。3月26日，太康县公安局依据《中华人民共和国刑法》第三百三十条规定，对徐某辉以涉嫌妨害传染病防治罪立案侦查。</p><p><strong>3。赵某洋妨害传染病防治案</strong></p><p>2022年3月16日，王某全从省外中高风险地区返回太康后，在赵某洋经营的烩面馆就餐。该烩面馆不执行扫码、测温等疫情防控措施，致该烩面馆服务人员、就餐人员多人感染新冠肺炎，严重损害、影响群众健康安全和生产生活。3月27日，太康县公安局依据《中华人民共和国刑法》第三百三十条规定，对该饭店负责人赵某洋以涉嫌妨害传染病防治罪立案侦查。</p><p><strong>4。王某廷拒不执行紧急状态下的决定、命令</strong></p><p>2022年3月23日，太康县城关镇西马道街一麻将馆经营者王某廷违反疫情防控规定，擅自营业接纳杨某花等人聚众打麻将。3月27日，太康县公安局依据《中华人民共和国治安管理处罚法》第五十条第一款规定，对王某廷以拒不执行紧急状态下的决定、命令行为予以行政拘留五日处罚。</p><p><br></p><p><strong>5。卢某丽拒不执行紧急状态下的决定、命令</strong></p><p>2022年3月17日，王某全从省外中高风险地区返回太康后，与其孙女到太康县老冢镇某诊所就诊，该诊所在诊疗过程中，未执行扫码、测温等疫情防控措施，违规接诊发热病人，后王某全及其孙女相继确诊。3月28日，太康县公安局依据《中华人民共和国治安管理处罚法》第五十条第一款规定，对接诊人卢某丽以拒不执行紧急状态下的决定、命令行为予以行政拘留十日处罚。</p><p><strong>6。肖某党拒不执行紧急状态下的决定、命令</strong></p><p>2022年3月21日，城关镇居民李某英到肖某党经营的药店购买药品，肖某党未执行扫码、测温、戴口罩等疫情防控措施，并违规出售药品，后李某英确诊。3月28日，太康县公安局依据《中华人民共和国治安管理处罚法》第五十条第一款规定，对肖某党以拒不执行紧急状态下的决定、命令行为予以行政拘留十日处罚。</p>', 1, 7, '朱zhu', '2022-4-0516:42:31');
INSERT INTO `news` VALUES (116, '上海：累计排查在沪密接者112475人 均已落实管控', '', '<p>总台记者从今天（5日）上午举行的上海市疫情防控工作新闻发布会上获悉，截至4月5日9时，这次疫情上海全市已累计排查到在沪密切接触者112475人，均已落实管控，其中106717人核酸检测结果为阴性，其余正在检测中。已排查到在沪密接的密接112540人，均已落实管控，其中101839人核酸检测结果为阴性，其余正在检测中。</p><p>（总台记者 魏然 张倩 周力）</p>', 1, 7, '朱zhu', '2022-4-0516:42:59');
INSERT INTO `news` VALUES (120, '12', 'http://127.0.0.1:3000/1652453403251_bilibili.PNG', '<p>12313</p>', 2, 19, '管理员', '2022-5-1322:50:05');
INSERT INTO `news` VALUES (121, '123', 'http://127.0.0.1:3000/1652506743951_MVVM模型.png', '<p>23123</p>', 2, 19, '管理员', '2022-5-1413:39:12');

-- ----------------------------
-- Table structure for resource
-- ----------------------------
DROP TABLE IF EXISTS `resource`;
CREATE TABLE `resource`  (
  `resourceid` int(11) NOT NULL AUTO_INCREMENT,
  `resourcename` varchar(255) CHARACTER SET utf8mb4 COLLATE utf8mb4_general_ci NULL DEFAULT NULL,
  `resourceteacher` varchar(255) CHARACTER SET utf8mb4 COLLATE utf8mb4_general_ci NULL DEFAULT NULL,
  `resourcelink` varchar(255) CHARACTER SET utf8mb4 COLLATE utf8mb4_general_ci NULL DEFAULT NULL,
  `resourcenum` char(11) CHARACTER SET utf8mb4 COLLATE utf8mb4_general_ci NULL DEFAULT NULL,
  PRIMARY KEY (`resourceid`) USING BTREE
) ENGINE = InnoDB AUTO_INCREMENT = 15 CHARACTER SET = utf8mb4 COLLATE = utf8mb4_general_ci ROW_FORMAT = Dynamic;

-- ----------------------------
-- Records of resource
-- ----------------------------
INSERT INTO `resource` VALUES (1, '肖8(2022)', '肖xiu荣', 'https://pan.baidu.com/s/1bqmZLF6Ewf_tM-M3pxmLGQ ', '1234');
INSERT INTO `resource` VALUES (2, '肖4(2022)', '肖xiu荣', 'https://pan.baidu.com/s/1bqmZLF6Ewf_tM-M3pxmLGQ ', '1234');
INSERT INTO `resource` VALUES (6, '肖4(2021)', '肖秀荣', NULL, NULL);
INSERT INTO `resource` VALUES (7, '肖8(2021)', '肖秀荣', NULL, NULL);
INSERT INTO `resource` VALUES (8, '肖8(2020)', '肖xiu荣', NULL, NULL);
INSERT INTO `resource` VALUES (9, '肖8(2019)', '肖秀荣', NULL, NULL);
INSERT INTO `resource` VALUES (10, '徐涛知识点', '徐涛', 'https://pan.baidu.com/s/1bqmZLF6Ewf_tM-M3pxmLGQ ', '1234');
INSERT INTO `resource` VALUES (13, '肖4', '肖秀荣', NULL, NULL);

-- ----------------------------
-- Table structure for score
-- ----------------------------
DROP TABLE IF EXISTS `score`;
CREATE TABLE `score`  (
  `scoreid` int(11) NOT NULL AUTO_INCREMENT,
  `uid` int(11) NULL DEFAULT NULL,
  `testname` varchar(255) CHARACTER SET utf8mb4 COLLATE utf8mb4_general_ci NULL DEFAULT NULL,
  `allscore` int(11) NULL DEFAULT NULL,
  `examid` int(11) NULL DEFAULT NULL,
  `minescore` int(11) NULL DEFAULT NULL,
  `comment` varchar(255) CHARACTER SET utf8mb4 COLLATE utf8mb4_general_ci NULL DEFAULT NULL,
  PRIMARY KEY (`scoreid`) USING BTREE,
  INDEX `examid5`(`examid`) USING BTREE,
  INDEX `userscore`(`uid`) USING BTREE,
  CONSTRAINT `examid5` FOREIGN KEY (`examid`) REFERENCES `exam` (`id`) ON DELETE CASCADE ON UPDATE RESTRICT,
  CONSTRAINT `userscore` FOREIGN KEY (`uid`) REFERENCES `users` (`id`) ON DELETE CASCADE ON UPDATE RESTRICT
) ENGINE = InnoDB AUTO_INCREMENT = 30 CHARACTER SET = utf8mb4 COLLATE = utf8mb4_general_ci ROW_FORMAT = Dynamic;

-- ----------------------------
-- Records of score
-- ----------------------------
INSERT INTO `score` VALUES (23, 7, '2019年全国硕士研究考试政治真题', 4, 14, 4, NULL);
INSERT INTO `score` VALUES (24, 19, '2019年全国硕士研究考试政治真题', 0, 14, 3, '');
INSERT INTO `score` VALUES (25, 1, '2019年全国硕士研究考试政治真题', 0, 14, 4, '');
INSERT INTO `score` VALUES (28, 21, '2019年全国硕士研究考试政治真题', 0, 14, 3, '');
INSERT INTO `score` VALUES (29, 1, '1234', 0, 25, 3, '');

-- ----------------------------
-- Table structure for talk
-- ----------------------------
DROP TABLE IF EXISTS `talk`;
CREATE TABLE `talk`  (
  `talkid` int(11) NOT NULL AUTO_INCREMENT,
  `nickname` varchar(255) CHARACTER SET utf8mb4 COLLATE utf8mb4_general_ci NULL DEFAULT NULL,
  `talkcontent` varchar(255) CHARACTER SET utf8mb4 COLLATE utf8mb4_general_ci NULL DEFAULT NULL,
  `time` varchar(255) CHARACTER SET utf8mb4 COLLATE utf8mb4_general_ci NULL DEFAULT NULL,
  `uid` int(11) NULL DEFAULT NULL,
  `newsid` int(11) NULL DEFAULT NULL,
  PRIMARY KEY (`talkid`) USING BTREE
) ENGINE = InnoDB AUTO_INCREMENT = 44 CHARACTER SET = utf8mb4 COLLATE = utf8mb4_general_ci ROW_FORMAT = Dynamic;

-- ----------------------------
-- Records of talk
-- ----------------------------
INSERT INTO `talk` VALUES (1, '123:', '123456大噶世界各地撒广东省绿卡啥返回拉萨富豪的合法佛阿斯弗后i送阿富汗赛符号合法发送哈哈', '时间：2022-4-05 01:07:01', 1, 8);
INSERT INTO `talk` VALUES (9, '123:', '12314124124', '时间：2022-4-05 12:47:38', 1, 8);
INSERT INTO `talk` VALUES (10, '123:', '1231242412', '时间：2022-4-05 13:00:29', 1, 75);
INSERT INTO `talk` VALUES (14, '朱zhu:', '非常好', '时间：2022-4-05 13:22:23', 7, 75);
INSERT INTO `talk` VALUES (15, 'undefined:', '挺好的', '时间：2022-4-05 14:22:40', 7, 0);
INSERT INTO `talk` VALUES (16, 'undefined:', '挺好', '时间：2022-4-05 14:25:03', 7, 0);
INSERT INTO `talk` VALUES (17, '朱zhu:', '挺好', '时间：2022-4-05 14:27:01', 7, 0);
INSERT INTO `talk` VALUES (18, '朱zhu:', '123123', '时间：2022-4-05 14:29:54', 7, 76);
INSERT INTO `talk` VALUES (19, '朱zhu:', '你说的对', '时间：2022-4-05 14:30:17', 7, 76);
INSERT INTO `talk` VALUES (20, '朱zhu:', '可以可以', '时间：2022-4-05 14:32:19', 7, 76);
INSERT INTO `talk` VALUES (21, '朱zhu:', '还行', '时间：2022-4-05 14:33:51', 7, 76);
INSERT INTO `talk` VALUES (22, '朱zhu:', '不错不错', '时间：2022-4-05 14:34:23', 7, 76);
INSERT INTO `talk` VALUES (23, '朱zhu:', '十分可以', '时间：2022-4-05 14:34:29', 7, 76);
INSERT INTO `talk` VALUES (24, '朱zhu:', '你好', '时间：2022-4-05 14:39:52', 7, 76);
INSERT INTO `talk` VALUES (25, '123:', '非常好', '时间：2022-4-05 22:31:34', 1, 105);
INSERT INTO `talk` VALUES (26, '用户1:', '很好', '时间：2022-4-05 22:32:08', 21, 100);
INSERT INTO `talk` VALUES (27, '用户1:', '可以的', '时间：2022-4-05 22:33:33', 21, 100);
INSERT INTO `talk` VALUES (28, '朱zhu:', '挺好的', '时间：2022-4-07 03:08:42', 7, 98);
INSERT INTO `talk` VALUES (29, '朱zhu:', '什么？！', '时间：2022-4-07 03:09:02', 7, 79);
INSERT INTO `talk` VALUES (30, '作者1:', '我也觉得', '时间：2022-4-07 03:09:35', 19, 98);
INSERT INTO `talk` VALUES (31, '用户1:', '可以的', '时间：2022-4-07 22:38:33', 21, 78);
INSERT INTO `talk` VALUES (34, '作者2:', '123', '时间：2022-4-09 21:45:45', 20, 107);
INSERT INTO `talk` VALUES (35, '作者2:', '不错', '时间：2022-4-09 21:46:28', 20, 117);
INSERT INTO `talk` VALUES (36, 'null:', '123', '时间：2022-4-09 21:47:59', 0, 107);
INSERT INTO `talk` VALUES (37, 'null:', '123', '时间：2022-4-09 21:48:11', 0, 107);
INSERT INTO `talk` VALUES (38, 'null:', '123', '时间：2022-4-09 21:48:58', 0, 107);
INSERT INTO `talk` VALUES (39, 'admin:', '123', '时间：2022-4-11 23:53:28', 1, 116);
INSERT INTO `talk` VALUES (40, 'admin:', '12312', '时间：2022-4-15 13:22:38', 1, 95);
INSERT INTO `talk` VALUES (41, 'admin:', '123', '时间：2022-4-15 13:39:15', 1, 100);
INSERT INTO `talk` VALUES (42, 'admin:', '123', '时间：2022-4-23 22:18:20', 1, 105);
INSERT INTO `talk` VALUES (43, '作者1:', '123', '时间：2022-5-08 10:48:40', 19, 107);

-- ----------------------------
-- Table structure for teachers
-- ----------------------------
DROP TABLE IF EXISTS `teachers`;
CREATE TABLE `teachers`  (
  `teacherid` int(11) NOT NULL AUTO_INCREMENT,
  `teachername` varchar(255) CHARACTER SET utf8mb4 COLLATE utf8mb4_general_ci NULL DEFAULT NULL,
  `introduce` varchar(255) CHARACTER SET utf8mb4 COLLATE utf8mb4_general_ci NULL DEFAULT NULL,
  `teacherpicture` varchar(255) CHARACTER SET utf8mb4 COLLATE utf8mb4_general_ci NULL DEFAULT NULL,
  `course` varchar(255) CHARACTER SET utf8mb4 COLLATE utf8mb4_general_ci NULL DEFAULT NULL,
  `checknum` char(11) CHARACTER SET utf8mb4 COLLATE utf8mb4_general_ci NULL DEFAULT NULL,
  PRIMARY KEY (`teacherid`) USING BTREE
) ENGINE = InnoDB AUTO_INCREMENT = 19 CHARACTER SET = utf8mb4 COLLATE = utf8mb4_general_ci ROW_FORMAT = Dynamic;

-- ----------------------------
-- Records of teachers
-- ----------------------------
INSERT INTO `teachers` VALUES (1, '肖秀荣', '肖秀荣，福建人，中央民族大学教授、研究生导师，长期从事马克思主义基本理论的研究与教学工作。1967年毕业于北京大学国际政治系（现北大国际关系学院），1991年至2004年为教育部考试中心全国硕士研究生政治理论入学统一考试命题组成员，曾任政治命题组副组长及学科组组长，参与历年考研政治大纲的修订和《政治理论复习参考书》（“红宝书”）的编写。14年的考研政治命题经验无疑使肖秀荣教授成为最具影响力的命题专家。', 'http://127.0.0.1:3000/xiaoxiurong.jpg', 'https://pan.baidu.com/s/1bqmZLF6Ewf_tM-M3pxmLGQ', '提取码：1234');
INSERT INTO `teachers` VALUES (8, '陆寓丰', '陆寓丰，南京大学马克思主义理论专业博士生，曾是江苏考研政治阅卷员，被赞是身材学历双高，曾自创了独特火辣教学法，专门整治那些不听课的学生，因为腿长她被学生们称为“腿姐”。', 'http://127.0.0.1:3000/1649953054191_陆寓丰.png', 'https://pan.baidu.com/s/1bqmZLF6Ewf_tM-M3pxmLGQ ', '提取码：1234');
INSERT INTO `teachers` VALUES (16, '徐涛', '考研政治徐涛，教育类自媒体，由徐涛运营，微博认证信息为“微博教育账号”。', 'http://127.0.0.1:3000/1649956234594_徐涛.jpg', 'https://pan.baidu.com/s/1bqmZLF6Ewf_tM-M3pxmLGQ ', '提取码：1234');

-- ----------------------------
-- Table structure for textanwserlist
-- ----------------------------
DROP TABLE IF EXISTS `textanwserlist`;
CREATE TABLE `textanwserlist`  (
  `uid` int(11) NULL DEFAULT NULL,
  `textanwser` varchar(255) CHARACTER SET utf8mb4 COLLATE utf8mb4_general_ci NULL DEFAULT NULL,
  `examid` int(11) NULL DEFAULT NULL,
  `textid` int(11) NULL DEFAULT NULL,
  INDEX `examid4`(`examid`) USING BTREE,
  INDEX `usertext`(`uid`) USING BTREE,
  CONSTRAINT `examid4` FOREIGN KEY (`examid`) REFERENCES `exam` (`id`) ON DELETE CASCADE ON UPDATE RESTRICT,
  CONSTRAINT `usertext` FOREIGN KEY (`uid`) REFERENCES `users` (`id`) ON DELETE CASCADE ON UPDATE RESTRICT
) ENGINE = InnoDB CHARACTER SET = utf8mb4 COLLATE = utf8mb4_general_ci ROW_FORMAT = Dynamic;

-- ----------------------------
-- Records of textanwserlist
-- ----------------------------
INSERT INTO `textanwserlist` VALUES (7, '(1)csdasda\n(2)xascas', 14, 1);
INSERT INTO `textanwserlist` VALUES (7, 'undefined', 14, 2);
INSERT INTO `textanwserlist` VALUES (7, 'undefined', 14, 3);
INSERT INTO `textanwserlist` VALUES (7, 'undefined', 14, 4);
INSERT INTO `textanwserlist` VALUES (7, 'undefined', 14, 5);
INSERT INTO `textanwserlist` VALUES (19, 'undefined', 14, 1);
INSERT INTO `textanwserlist` VALUES (19, 'undefined', 14, 2);
INSERT INTO `textanwserlist` VALUES (19, 'undefined', 14, 3);
INSERT INTO `textanwserlist` VALUES (19, 'undefined', 14, 4);
INSERT INTO `textanwserlist` VALUES (19, 'undefined', 14, 5);
INSERT INTO `textanwserlist` VALUES (1, 'undefined', 14, 1);
INSERT INTO `textanwserlist` VALUES (1, 'undefined', 14, 2);
INSERT INTO `textanwserlist` VALUES (1, 'undefined', 14, 3);
INSERT INTO `textanwserlist` VALUES (1, 'undefined', 14, 4);
INSERT INTO `textanwserlist` VALUES (1, 'undefined', 14, 5);
INSERT INTO `textanwserlist` VALUES (21, 'undefined', 14, 1);
INSERT INTO `textanwserlist` VALUES (21, 'undefined', 14, 2);
INSERT INTO `textanwserlist` VALUES (21, 'undefined', 14, 3);
INSERT INTO `textanwserlist` VALUES (21, 'undefined', 14, 4);
INSERT INTO `textanwserlist` VALUES (21, 'undefined', 14, 5);
INSERT INTO `textanwserlist` VALUES (1, 'undefined', 25, 1);

-- ----------------------------
-- Table structure for users
-- ----------------------------
DROP TABLE IF EXISTS `users`;
CREATE TABLE `users`  (
  `id` int(11) NOT NULL AUTO_INCREMENT,
  `username` varchar(255) CHARACTER SET utf8mb4 COLLATE utf8mb4_general_ci NULL DEFAULT NULL,
  `email` varchar(255) CHARACTER SET utf8mb4 COLLATE utf8mb4_general_ci NULL DEFAULT NULL,
  `password` varchar(255) CHARACTER SET utf8mb4 COLLATE utf8mb4_general_ci NULL DEFAULT NULL,
  `identity` varchar(255) CHARACTER SET utf8mb4 COLLATE utf8mb4_general_ci NULL DEFAULT NULL,
  PRIMARY KEY (`id`) USING BTREE
) ENGINE = InnoDB AUTO_INCREMENT = 26 CHARACTER SET = utf8mb4 COLLATE = utf8mb4_general_ci ROW_FORMAT = Dynamic;

-- ----------------------------
-- Records of users
-- ----------------------------
INSERT INTO `users` VALUES (1, '超级管理员', '1179241059@qq.com', 'ef3cf2c36fb55debf69ed93e7865873d', 'admin');
INSERT INTO `users` VALUES (7, '朱zhu', '1179241059@qq.com', 'ef3cf2c36fb55debf69ed93e7865873d', 'author');
INSERT INTO `users` VALUES (19, '管理员', '1179241059@qq.com', 'ef3cf2c36fb55debf69ed93e7865873d', 'author');
INSERT INTO `users` VALUES (21, '用户', '1179241059@qq.com', 'ef3cf2c36fb55debf69ed93e7865873d', 'user');
INSERT INTO `users` VALUES (22, '用户2', '1179241059@qq.com', '74ce4a21f159e81638334cbe243cd2cf', 'user');
INSERT INTO `users` VALUES (23, '用户3', '1179241059@qq.com', 'ef3cf2c36fb55debf69ed93e7865873d', 'user');
INSERT INTO `users` VALUES (24, '用户5', '123123123@qq.com', 'ef3cf2c36fb55debf69ed93e7865873d', 'user');
INSERT INTO `users` VALUES (25, '用户4', '12312312@qq.com', 'ef3cf2c36fb55debf69ed93e7865873d', 'user');

SET FOREIGN_KEY_CHECKS = 1;
